GermplasmName,RKN,FW,GH SSR,Field SSR
393,,0,2,0
393,4,0,0,
394,,0,,
394,3,3,3,
1554,0,0,,
1554,2,1,1,2
1868,3,2,,
1880,2,2,,
AC172  ,,3,,
AC76.12,1,3,1,0
AC76.12,0,1,0,
ACC213,4,0,1,0
Baracutey,4,0,0,0
BayouBelle,,3,2,
BayouBelle,,3,,1
BayouBelle,0,4,0,2
Beauregard_G2,0,3,,
Beauregard_G2,0,3,3,3
Beauregard_G2,0,3,3,3
Beauregard_G2,0,3,,3
Beauregard_G2,3,3,3,3
Beauregard_G2,1,3,3,3
Beauregard_G2,0,3,3,3
Beauregard_G2,0,2,3,3
Beauregard_G2,1,2,3,2
Beauregard_G2,0,3,3,3
Beauregard_G2,0,3,2,2
Beauregard_G2,0,2,3,3
Beauregard_G2,0,2,3,3
Beauregard_G2,0,2,3,
Beauregard_G2,0,3,3,3
Beauregard_G2,0,3,,3
Beauregard_G2,0,3,,
Beauregard_G2,0,3,,
Beauregard_G2,0,3,,3
Beauregard_G2,,3,,
Bellevue,3,3,3,3
Bellevue,3,3,3,
Beniaka,,2,,0
Beniaka,,0,,0
Benihayato,2,0,,
Benihayato  ,,1,,
Bermuda White,,0,,
Bienville,,3,,
BM83-4,,2,,
BON00-0165 ,3,3,,
BON00-0251 ,3,3,,
BON00-0332,3,3,,
BON00-0363 ,3,4,,
BON00-0524 ,3,3,,
BON00-0524 ,4,1,2,3
BON01-0062 ,3,2,,
BON01-0062 ,4,0,1,2
BON01-0133 ,2,3,,
BON01-0133 ,4,2,0,1
BON01-0141 ,3,,,
BON02-0442,1,1,2,0
BON97-0242 ,3,0,,
BON99-0169 ,3,3,,
BON99-0169 ,4,3,1,2
BON99-0394 ,3,3,,
BON99-0477,0,3,3,
BON99-0477 ,0,3,,
BON99-0477 ,2,---,1,1
Bonita,3,1,1,2
Bonita,4,0,0,2
Bonita,,1,2,
Burgundy,3,3,2,3
Burgundy,3,2,4,
Bwanjule,3,0,,
Camote Amarillo,4,3,2,2
Camote Amarillo,1,2,2,2
Camote Amarillo,4,0,1,0
Capadito,,0,,
Car. Bunch  ,,0,,
Centennial,,0,,
Char. Scar G2,,1,,0
CN1489-43  ,,1,,
CN1525-11,4,3,0,
CN1525-11,3,3,0,
CN1869-13,4,1,0,1
Cordner  ,,3,,
Costanero,4,3,0,0
Costenero,3,,,1
Covington_G2,3,3,3,3
Covington_G2,3,3,3,3
Covington_G2,3,3,3,3
Covington_G2,4,3,1,3
Covington_G2,3,3,3,3
Covington_G2,3,3,3,3
Covington_G2,3,3,3,3
Covington_G2,3,3,2,3
Covington_G2,3,3,2,
Covington_G2,2,3,3,3
Covington_G2,3,3,,3
Covington_G2,3,3,,
Covington_G2,3,3,,
Covington_G2,3,3,,3
Covington_G2,,3,,
DC166,0,2,,
DC188,0,1,,2
DC188,,3,,
DC257,3,2,,
DC333,0,0,,
DC372,3,2,,2
DC372,,3,,
Diane,0,3,0,1
Dimbuka-Bukulula,3,2,,
Dooley,3,1,,
Dooley,,1,,
Ejumula,3,1,,
Evangeline,3,,,
Evangeline,3,3,3,3
Evangeline,4,2,3,3
G113-2B,4,2,3,1
G113-2B,3,2,0,
GA 172,1,3,0,
GA122,4,0,1,0
Grand Asia,0,1,0,1
H-Mart,,0,,
Hatteras,0,3,,
Hatteras,1,2,2,3
Hatteras,0,2,3,3
Hatteras,0,3,3,3
Hatteras,0,3,3,3
Hatteras,0,3,3,3
Hatteras,0,3,3,3
Hernandez_G2,3,1,,
Hernandez_G2,3,1,3,2
Hernandez_G2,2,1,3,3
Hernandez_G2,1,1,,3
Hernandez_G2,2,3,3,3
Hernandez_G2,4,3,3,3
Hernandez_G2,1,1,2,2
Hernandez_G2,1,2,3,2
Hernandez_G2,0,2,3,3
Hernandez_G2,0,0,3,3
Hernandez_G2,1,1,3,3
Hernandez_G2,1,1,4,2
Hernandez_G2,1,1,3,2
Hernandez_G2,1,0,4,
Hernandez_G2,0,2,3,3
Hernandez_G2,1,1,,2
Hernandez_G2,2,1,,
Hernandez_G2,2,2,,
Hernandez_G2,3,2,,
Hernandez_G2,,2,,
IB08,4,1,0,0
IPS127,4,1,0,1
J2,4,4,0,0
J2,3,3,0,
J7/13,,0,,
J7/13,,1,0,0
J7/13,3,2,1,0
J7/13,3,1,0,
Japanese,0,2,0,1
Jewel_G2,3,3,,
Jewel_G2,3,2,0,0
Jewel_G2,2,3,0,0
Jewel_G2,0,3,,0
Jewel_G2,3,3,0,0
Jewel_G2,2,3,3,0
Jewel_G2,1,3,0,0
Jewel_G2,1,3,0,0
Jewel_G2,2,3,0,0
Jewel_G2,2,3,0,0
Jewel_G2,2,3,0,1
Jewel_G2,2,2,0,0
Jewel_G2,3,3,0,0
Jewel_G2,3,2,0,
Jewel_G2,1,2,0,0
Jewel_G2,1,2,,0
Jewel_G2,3,0,,
Jewel_G2,3,3,,
Jewel_G2,3,3,,0
Jewel_G2,,3,,
Jishu 5,1,4,,
Jishu 5,0,3,1,0
Kabode (Naspot 10 0),3,0,,
Kakamega 45886,2,0,,
Kakamega 48879,3,0,,
KEMB37,2,0,1,0
Kogane-sengan,,1,,
Kogane-sengan,,1,,
Korean Yellow,,3,,
Kotopuki,1,0,0,0
Kyukie 97,3,3,0,0
Kyukie 97 ,3,1,,
L02-32,3,3,1,1
L02-32,0,3,3,3
L13-81,,3,,2
L13-84,,3,,3
L14-123,,3,,
L14-31,2,3,,2
L14-31,,3,,
L14-41p,,2,,
L258,4,2,1,0
L258,3,1,0,0
L258,4,2,0,0
L258,3,3,0,1
L258,3,1,0,0
L329,0,0,0,0
L44,3,1,2,2
L445,0,3,,
L87-95,3,0,,
L96-117,3,3,,
Liberty,4,1,2,1
Liberty (W341),4,0,0,2
Macana,,0,,0
MC14-0033,4,1,,
MC14-0048,0,3,,2
MC14-0048,1,3,,
MC14-0073,,3,,
MC14-0073,,3,,2
MC14-0073,4,3,,
MC14-0107,0,2,,3
MC14-0107,3,0,,
MC14-0107,2,0,,
MC14-0111,0,1,3,1
MC14-0111,,0,,3
MC14-0126,,0,,
MC14-0176,,1,,
MC14-0248,,0,,
MC14-0264,4,0,,4
MC14-0264,3,0,,
MC14-0270,,3,,
MC14-0279,,3,,
MC14-0333,,3,,
MC14-0349,4,2,,
MC14-0363,4,4,,3
MC14-0363,3,3,,
MC14-0363_4-10_G2,4,4,,
MC14-0363_4-5_G2,3,3,,
MC14-0363_M1-1_G2,,3,,
MC14-0363_M1-1_G2,4,3,,
MC14-0363_M1-3_G2,,3,,
MC14-0363_M1-3_G2,3,3,,
MC14-0363_M2-10_G2,,4,,
MC14-0363_M2-10_G2,4,4,,
MC14-0363_M2-9_G2,,3,,
MC14-0363_M2-9_G2,4,3,,
MC14-0363_M4-10_G2,3,3,,
MC14-0363_M4-4_G2,,4,,
MC14-0363_M4-4_G2,4,3,,
MC14-0363_M4-5_G2,4,4,,
MC14-0363_M4-7_G2,,4,,
MC14-0363_M4-7_G2,3,3,,3
MC14-0363_ROSE9,3,3,,
MC14-0363_ROSESPORT,3,3,,
MC14-0363_SK1,,4,,
MC14-0363_SK1,0,,,
MC14-0377,,3,,3
MC14-0377,4,3,,
MC14-0377,3,0,,
MC14-0377,3,3,,3
MC14-0398,3,2,4,1
MC14-0423,,3,,1
MC14-0468,2,3,3,
MC14-0479,0,3,,
MC14-0501,2,3,,2
MC14-0501,3,3,,
MC14-0519,0,3,2,
MC14-0527,1,1,,
MC14-0561,,1,,
MC14-0567,,3,,
MC14-0596,,3,,
MC14-0620,,3,,
MC14-0637,,3,,
MC14-0663,,3,,
MC14-0709,,3,,
MC14-0719,,3,,3
MC14-0771,,0,,3
MC14-0777,,3,,
MC14-0782,0,3,0,
MC14-0783,,3,,1
MC14-0783,0,2,,
MC14-0800,,2,,
MC14-0803,,3,,3
MC14-0842,,1,,1
MC14-0851,2,0,0,
MC14-0871,0,2,,1
MC14-0871,0,0,,
MC14-0871,0,2,,
MC14-0871,0,1,,1
MC14-0894,,1,,
MC14-0910,,0,,3
MC14-0915,0,0,1,3
MC14-0915,0,0,,2
MC14-0954,,0,,
MC14-0958,0,3,,3
MC14-0958,2,2,,
MC14-0958,1,2,,2
MC14-0960,,2,,3
MC14-0965,0,3,2,3
MC14-0965,0,3,,2
MC14-0965,0,1,,
MC14-0982,,0,,3
MC14-0994,,1,,
MC14-1028,,3,,
MC14-1039,1,2,0,
MC14-1057,3,3,2,0
MC14-1057,4,4,,2
MC14-1057,4,3,,
MC14-1102,,3,,
MC15-0019,3,3,,
MC15-0019,3,3,,
MC15-0024,4,NA,,
MC15-0032,,2,,3
MC15-0032,4,4,,
MC15-0032,3,2,,
MC15-0033,3,2,,
MC15-0046,3,3,,
MC15-0074,,3,,1
MC15-0074,3,2,,
MC15-0101,4,3,,
MC15-0101,4,3,,
MC15-0166,,2,,2
MC15-0180,3,2,,
MC15-0180,3,3,,
MC15-0217,,2,,0
MC15-0218,3,4,,
MC15-0236,4,3,,
MC15-0242,,1,,1
MC15-0242,,0,,
MC15-0273A,,3,,
MC15-0273A,3,3,,
MC15-0283,,3,,
MC15-0296,,2,,
MC15-0312,,3,,
MC15-0315,,0,,
MC15-0397,,0,,
MC15-0399,,1,,
MC15-0408,,2,,
MC15-0408,3,3,,
MC15-0409,,1,,
MC15-0409,4,3,,
MC15-0431,,3,,
MC15-0446,,3,,
MC15-0457,,2,,0
MC15-0457A,,3,,
MC15-0476,,0,,1
MC15-0476,,0,,
MC15-0485,,3,,
MC15-0489,,1,,
MC15-0535,,2,,
MC15-0538,,2,,1
MC15-0538,,3,,
MC15-0594,,3,,
MC15-0594,3,3,,
MC15-0596,,3,,1
MC15-0624,,4,,
MC15-0644,,2,,
MC15-0644,2,2,,
MC15-0644,1,3,,2
MC15-0672,,3,,
MC15-0673,4,3,,
MC15-0673,3,3,,2
MC15-0678,,1,,
MC16-0010,2,2,,
MC16-0010,1,2,,0
MC16-0026,3,2,,
MC16-0036,3,2,,
MC16-0036,4,2,,1
MC16-0039,3,3,,
MC16-0047,3,4,,
MC16-0062,,3,,
MC16-0062,3,3,,
MC16-0062,3,3,,2
MC16-0065,4,1,,
MC16-0065,3,2,,3
MC16-0065,,1,,
MC16-0068,3,3,,
MC16-0089,3,2,,
MC16-0094,,3,,
MC16-0100,2,3,,
MC16-0110,3,3,,
MC16-0110,3,4,,
MC16-0115,,2,,
MC16-0115,1,3,,
MC16-0126,,1,,
MC16-0148,3,1,,
MC16-0176,,0,,
MC16-0186,,1,,
MC16-0196,3,3,,
MC16-0200,3,0,,
MC16-0200,4,0,,3
MC16-0200,,0,,
MC16-0201,,3,,
MC16-0223,3,2,,
MC16-0223,3,2,,2
MC16-0223,,2,,
MC16-0250,3,0,,
MC16-0260,,3,,
MC16-0260,4,2,,
MC16-0260,4,2,,3
MC16-0284,4,2,,
MC16-0290,1,2,,
MC16-0291,,2,,
MC16-0291,2,3,,
MC16-0298,3,3,,3
MC16-0298,,3,,
MC16-0304,,2,,
MC16-0348,2,0,,
MC16-0352,3,3,,
MC16-0362,3,4,,
MC16-0367,3,3,,
MC16-0392,3,4,,
MC16-0420,3,2,,
MC16-0420,3,4,,2
MC16-0433,3,2,,
MC16-0433,3,1,,2
MC16-0433,,2,,
MC16-0438,,0,,
MC16-0444,0,3,,
MC16-0455,3,4,,
MC16-0468,,2,,
MC16-0470,,2,,
MC16-0470,3,2,,
MC16-0474,,3,,
MC16-0474,3,3,,3
MC16-0475A,,0,,
MC16-0475B,,0,,
MC16-0478,,2,,
MC16-0479,,2,,
MC16-0479,,3,,
MC16-0480,,3,,
MC16-0493,,3,,
MC16-0517,,2,,
MC16-0529,,3,,
MC16-0531,,0,,
MC16-0534,,2,,
MC16-0541,,2,,
MC16-0545,,4,,
MC16-0549,,3,,
MC16-0557,,3,,
MC16-0557,3,3,,
MC16-0560,,2,,
MC16-0570,,2,,
MC16-0575,,2,,
MC16-0610,,0,,
MC16-0626,,0,,
MC16-0631,,2,,
MC16-0631,,2,,
MC16-0687,,0,,
MC16-0714,,3,,
MC16-0714,4,3,,2
MC16-0737,,3,,
MC16-0738,,2,,
MC16-0740,,0,,
MC16-0745,,2,,
MC16-0745,,2,,
MC16-0745,4,3,,
MC16-0782,,2,,
MC16-0784,,1,,
MC16-0784,,2,,
MC16-0788,,3,,
MC16-0789,,2,,
MC16-0789,2,2,,
MC16-0792,,2,,
MC16-0793,,2,,
MC16-0793,3,3,,
MC16-0795,,0,,
MC16-0805,,2,,
MC16-0812,,1,,
MC16-0812,,3,,
MC16-0815,,0,,
MC16-0821,,2,,
MC16-0821,3,2,,
MC16-0859,,2,,
MC16-0860,,3,,
MC16-0860,,4,,
MC16-0860,0,3,,3
MC16-0876,,2,,
MC16-0877,,2,,
MC16-0878,,1,,
MC16-0878,,3,,
MC16-0882,,0,,
MC16-0883,,2,,
MC16-0883,,3,,
MC16-0883,3,3,,
MC17-0015,0,3,,2
MC17-0015,,3,,
MC17-0021,0,2,,
MC17-0047,3,2,,
MC17-0084,3,3,,
MC17-0089,4,4,,
MC17-0125,3,3,,
MC17-0128,3,3,,
MC17-0133,3,4,,3
MC17-0133,,3,,
MC17-0138,,2,,
MC17-0142,4,4,,
MC17-0144,3,2,,2
MC17-0144,,3,,
MC17-0164,2,1,,1
MC17-0164,,2,,
MC17-0182,2,0,,
MC17-0221,0,3,,0
MC17-0221,,3,,
MC17-0263,3,3,,3
MC17-0416,3,3,,
MC17-0502,3,3,,
MC17-0549,3,4,,
MC17-0563,,4,,
MC17-0627,3,3,,1
MC17-0628,2,3,,
MC17-0633,,3,,
MC17-0670,0,4,,2
MC17-0670B,3,3,,3
MC17-0671,3,3,,0
MC17-0727,,2,,
MC17-0742,,3,,
MC17-0744,3,3,,2
MC17-0772,3,3,,1
MC17-0772,,3,,
MC17-0806,3,1,,
MC17-0849,4,3,,3
MC17-0853,0,2,,3
MC17-0869,,4,,
MC17-0891,0,,,1
MC17-0938,4,3,,
MC17-0966,,4,,
MC17-0974,4,3,,2
MC17-1030,3,3,,1
MC17-1030,,3,,
MC17-1078,3,2,,
MC17-1110,1,3,,1
MC17-1110,,4,,
MC17-1183,3,3,,
MC17-1183,,4,,
MC18-0446,,,,3
MC18-0551,,3,,
MC18-0559,,3,,
MC18-0683,,,,3
MC18-0683,,3,,
MC18-0765,,3,,
MC18-0853,,2,,
MC18-0860,,2,,
MC18-0931,,2,,
MC18-1126,,3,,
MD P217-84,,1,,
MD P217-84,,3,,
MD15-63,4,0,1,1
MD810  ,0,0,2,2
Munduena,,0,,
Munduena,,0,,
Murasaki-29,3,2,3,2
Murasaki-29,3,1,1,3
Murasaki-29,3,2,1,2
Murasaki-29,,3,,
Murasaki-29,,2,,2
Naeshirazu,,0,,0
Naspot 1,3,0,,
Naspot 10,3,2,,
Naspot 3,4,0,,
Naspot 4,3,1,,
Naspot 5,4,0,,
Naspot 8,3,0,,
Naspot 9,3,0,,
NC00-0052 ,3,2,,
NC00-0055,1,2,,
NC00-0061 ,0,3,,
NC00-0101,3,3,3,3
NC00-0101,3,3,3,3
NC00-0101 ,3,4,,
NC00-0101 ,4,2,3,3
NC00-0199,3,3,,
NC00-0368 ,1,2,,
NC00-0477 ,2,2,,
NC00-0541,1,0,3,1
NC00-0541 ,1,0,,
NC00-0550 ,0,3,,
NC00-0586 ,0,1,,
NC00-0677,3,2,3,1
NC00-0677 ,2,3,,
NC00-0720,3,0,3,3
NC00-0720,2,0,2,2
NC00-0720,0,3,3,3
NC00-0720 ,3,1,,
NC00-0748,4,3,2,3
NC00-0748,4,2,3,3
NC00-0748,2,3,3,3
NC00-0748 ,3,2,,
NC01-0015,4,0,0,1
NC01-0015 ,,1,,
NC01-0017 ,,1,,
NC01-0017 ,1,2,2,
NC01-0019 ,,0,,
NC01-0022 ,,1,,
NC01-0022 ,0,0,3,
NC01-0027 ,,0,,
NC01-0037 ,,3,,
NC01-0054 ,,4,,
NC01-0060 ,,4,,
NC01-0073 ,,0,,
NC01-0073  ,4,0,0,0
NC01-0084 ,,3,,
NC01-0092 ,,3,,
NC01-0093 ,,1,,
NC01-0108 ,,2,,
NC01-0112 ,,4,,
NC01-0130  ,,2,,
NC01-0133 ,,1,,
NC01-0144 ,,2,,
NC01-0148 ,,2,,
NC01-0149 ,,0,,
NC01-0150 ,,0,,
NC01-0156,4,2,1,0
NC01-0156,3,3,1,0
NC01-0156,4,3,1,0
NC01-0156 ,,1,,
NC01-0156 ,4,2,0,
NC01-0159 ,,3,,
NC01-0160 ,,2,,
NC01-0164 ,,3,,
NC01-0166 ,,3,,
NC01-0167 ,,2,,
NC01-0176 ,,3,,
NC01-0178 ,,2,,
NC01-0183 ,,3,,
NC01-0183 ,4,3,0,
NC01-0184 ,,1,,
NC01-0186 ,,1,,
NC01-0195 ,,0,,
NC01-0198 ,,0,,
NC01-0213 ,,1,,
NC01-0214,0,2,1,2
NC01-0214 ,3,2,3,2
NC01-0221,1,1,,
NC01-0221,1,0,2,2
NC01-0227 ,,1,,
NC01-0280 ,,3,,
NC01-0284 ,,2,,
NC01-0289 ,,2,,
NC01-0290 ,,1,,
NC01-0305 ,,3,,
NC01-0314 ,,0,,
NC01-0319 ,,1,,
NC01-0332 ,,0,,
NC01-0333 ,,1,,
NC01-0334,4,1,2,1
NC01-0334,3,3,3,3
NC01-0334 ,,2,,
NC01-0334 ,4,1,3,2
NC01-0338 ,,2,,
NC01-0339 ,,3,,
NC01-0341 ,,3,,
NC01-0343 ,,1,,
NC01-0343 ,4,1,3,
NC01-0351,0,3,0,1
NC01-0351,0,3,1,1
NC01-0351 ,,3,,
NC01-0351 ,0,1,1,1
NC01-0362,1,2,2,1
NC01-0362,1,3,3,3
NC01-0362 ,,1,,
NC01-0362 ,3,2,2,1
NC02-0018 ,,4,,
NC02-0079 ,,4,,
NC02-0121,2,1,3,
NC02-0121,3,1,3,3
NC02-0121,4,2,3,3
NC02-0121 ,,2,,3
NC02-0126 ,,2,,
NC02-0157 ,,1,,
NC02-0165,2,1,3,3
NC02-0165,0,0,2,3
NC02-0165,3,1,2,2
NC02-0165 ,,1,,2
NC02-0260,0,0,0,
NC02-0260 ,,2,,1
NC02-0314 ,,3,,
NC02-0314 ,,2,,
NC02-0350,2,2,0,3
NC02-0350,1,3,3,3
NC02-0350,3,3,0,3
NC02-0350 ,,1,,3
NC02-0404,,1,,3
NC02-0404,4,1,3,
NC02-0405,3,3,2,1
NC02-0405,4,3,1,2
NC02-0405,4,1,1,1
NC02-0405 ,,2,,3
NC02-0423,3,2,3,3
NC02-0423,2,3,3,3
NC02-0423,3,2,3,2
NC02-0423 ,,3,,1
NC02-0427 ,,3,,
NC02-0442 ,,0,,0
NC02-0459,,0,,3
NC02-0459,3,,2,3
NC02-0459,3,3,3,3
NC02-0459,4,3,3,3
NC02-0459,4,3,0,2
NC02-0459 ,,4,,3
NC02-0462,3,2,2,
NC02-0462 ,,3,,3
NC02-0504,3,0,3,
NC02-0504 ,,1,,2
NC02-0525 ,,0,,
NC02-0530 ,,2,,
NC03-0001,2,3,3,
NC03-0005,3,1,0,
NC03-0007,0,3,3,2
NC03-0007,0,3,3,2
NC03-0007,1,2,1,2
NC03-0010,3,3,3,3
NC03-0010,3,2,3,2
NC03-0010,4,3,3,3
NC03-0017,1,1,2,
NC03-0024,1,2,1,
NC03-0030,3,3,3,3
NC03-0030,4,4,3,3
NC03-0030,4,3,3,2
NC03-0035,1,3,3,3
NC03-0035,0,3,3,2
NC03-0035,2,1,1,3
NC03-0054,3,0,1,2
NC03-0054,2,0,2,2
NC03-0066,3,3,2,2
NC03-0066,3,3,3,2
NC03-0066,4,3,3,2
NC03-0066,3,3,2,2
NC03-0070,0,2,0,
NC03-0089,3,2,2,3
NC03-0089,4,3,2,1
NC03-0089,4,2,2,0
NC03-0089,3,2,0,2
NC03-0106,3,0,2,
NC03-0114,1,3,2,2
NC03-0114,0,3,3,2
NC03-0114,3,3,3,2
NC03-0132,0,3,1,
NC03-0149,2,2,2,
NC03-0182,3,1,1,
NC03-0190,1,3,1,
NC03-0204,4,0,1,
NC03-0221,3,1,3,
NC03-0224,3,0,1,
NC03-0239,1,2,0,2
NC03-0239,1,2,1,1
NC03-0239,3,0,0,3
NC03-0250,1,0,1,
NC03-0254,3,3,2,
NC03-0261,3,0,1,
NC03-0288,3,3,0,
NC03-0300,3,4,1,
NC03-0302,3,4,3,2
NC03-0302,4,3,3,3
NC03-0302,4,3,3,3
NC03-0311,1,3,0,2
NC03-0311,0,3,0,0
NC03-0311,2,2,2,2
NC03-0311,2,3,0,2
NC03-0342,3,3,0,
NC03-0353,2,3,3,
NC03-0367,1,3,3,
NC03-0371,4,0,3,
NC03-0372,4,1,0,2
NC03-0372,,,,0
NC03-0372,4,1,1,0
NC03-0380,2,3,0,1
NC03-0380,2,3,2,0
NC03-0380,3,2,2,0
NC03-0388,3,3,2,2
NC03-0388,3,2,3,2
NC03-0392,4,3,1,
NC03-0395,0,0,3,
NC03-0395,0,3,2,1
NC03-0395,0,0,2,1
NC03-0395,0,2,0,2
NC03-0398,0,0,1,
NC03-0403,0,2,3,1
NC03-0415,3,2,0,
NC03-0417,3,3,3,3
NC03-0417,2,3,2,2
NC03-0417,3,2,3,1
NC03-0417,3,1,3,3
NC03-0417,4,3,3,1
NC03-0445 ,,2,,
NC04-0011,2,2,,1
NC04-0011,2,0,0,2
NC04-0011,1,0,1,0
NC04-0015,3,,,
NC04-0018,0,0,3,3
NC04-0032,0,2,,3
NC04-0032,1,2,3,2
NC04-0032,0,3,2,2
NC04-0069,0,1,,3
NC04-0069,0,2,2,2
NC04-0069,0,0,3,0
NC04-0086,0,3,,2
NC04-0086,0,3,1,2
NC04-0086,0,3,1,0
NC04-0090,3,3,,1
NC04-0090,4,3,0,2
NC04-0090,4,2,0,2
NC04-0091,0,,,
NC04-0092,3,3,,0
NC04-0092,4,2,1,0
NC04-0092,3,3,0,0
NC04-0092,3,1,0,2
NC04-0093,1,,,
NC04-0097,3,3,,2
NC04-0097,3,1,2,2
NC04-0097,3,0,2,0
NC04-0097,3,2,2,2
NC04-0109,2,,,
NC04-0115,4,1,,
NC04-0115,4,2,1,
NC04-0120,1,3,1,1
NC04-0120,1,3,0,0
NC04-0126,3,3,,0
NC04-0126,2,3,0,0
NC04-0126,3,3,0,0
NC04-0144,0,3,,1
NC04-0156,3,,,
NC04-0165,0,4,,2
NC04-0165,1,3,2,1
NC04-0165,0,2,1,0
NC04-0166,,,,
NC04-0185,0,,,
NC04-0194,3,,,
NC04-0197,1,3,,3
NC04-0197,3,2,1,2
NC04-0197,2,3,0,0
NC04-0198,1,3,,3
NC04-0198,3,3,1,1
NC04-0198,1,2,1,0
NC04-0203,4,,,
NC04-0205,3,3,,3
NC04-0210,1,3,,3
NC04-0210,,3,,
NC04-0227,3,,,
NC04-0231,3,,,
NC04-0240,2,3,,1
NC04-0240,,3,,
NC04-0250,2,,,
NC04-0251,2,,,
NC04-0258,,3,,
NC04-0258,3,3,3,
NC04-0259,4,2,3,2
NC04-0259,3,1,2,0
NC04-0301,3,3,,0
NC04-0301,,3,,
NC04-0301,3,2,0,0
NC04-0302,4,,,
NC04-0336,,,,
NC04-0337,0,,,
NC04-0357,1,,,
NC04-0368,1,,,1
NC04-0383,,1,,
NC04-0383,3,0,0,2
NC04-0384,3,,,
NC04-0390,1,,,
NC04-0407,1,3,,3
NC04-0409,0,3,,1
NC04-0412,1,3,,2
NC04-0412,3,3,2,2
NC04-0412,3,3,3,2
NC04-0414,3,,,
NC04-0417,3,,,
NC04-0420,0,,,
NC04-0426,0,,,
NC04-0440,2,,,
NC04-0443,3,,,
NC04-0444,3,,,3
NC04-0447,0,3,0,3
NC04-0465,4,3,,1
NC04-0468,0,3,,2
NC04-0468,,3,0,
NC04-0468,0,3,2,3
NC04-0477,3,3,,2
NC04-0477,,2,0,
NC04-0481,0,3,,3
NC04-0484,0,3,,
NC04-0484,1,2,2,2
NC04-0484,1,2,1,0
NC04-0497,4,3,,2
NC04-0497,,0,,1
NC04-0497,3,3,1,0
NC04-0499,4,,,
NC04-0504,3,,,
NC04-0506,2,,,
NC04-0523,3,,,
NC04-0529,3,,,
NC04-0531,2,4,,3
NC04-0531,3,3,3,3
NC04-0531,3,3,3,3
NC04-0531,4,3,3,3
NC04-0531 ,3,3,1,3
NC04-0531_ORG1,,4,,
NC04-0534,3,3,,2
NC04-0550,,,,
NC04-0555,,,,
NC04-0557,,,,
NC05-0011,,3,,
NC05-0017,,3,,
NC05-0021,,1,,
NC05-0024,,3,,
NC05-0024,1,2,2,3
NC05-0050,,1,0,
NC05-0050,4,1,1,3
NC05-0050,3,2,3,3
NC05-0050,3,1,3,
NC05-0058,,1,,
NC05-0065,,2,0,
NC05-0072,,3,,
NC05-0077,,2,,
NC05-0078,,2,,
NC05-0106,3,1,1,3
NC05-0106,3,2,3,3
NC05-0106,4,3,2,3
NC05-0108,,3,0,
NC05-0108,3,2,1,3
NC05-0108,3,3,1,0
NC05-0108,4,2,0,
NC05-0112,1,1,1,3
NC05-0112,0,0,0,3
NC05-0119,,1,,
NC05-0122,,2,,
NC05-0128,4,3,1,
NC05-0128,3,3,3,0
NC05-0143,4,2,1,0
NC05-0143,3,3,0,3
NC05-0151,4,2,1,0
NC05-0151,3,3,0,0
NC05-0156,4,1,2,3
NC05-0156,4,1,3,1
NC05-0172,,2,,
NC05-0173,,2,,
NC05-0173,3,3,2,3
NC05-0176,,2,,
NC05-0188,,2,,
NC05-0198,3,3,1,3
NC05-0198,1,2,2,2
NC05-0198,1,3,2,3
NC05-0198,1,2,3,3
NC05-0198,0,3,2,2
NC05-0198,2,4,3,2
NC05-0198 ,1,3,3,3
NC05-0212,2,0,0,3
NC05-0257,2,3,2,3
NC05-0257,0,1,2,1
NC05-0257,0,3,3,3
NC05-0257,0,2,3,3
NC05-0257,0,3,3,3
NC05-0258,,3,,
NC05-0261,,0,,
NC05-0284,4,1,1,3
NC05-0284,3,0,1,2
NC05-0284,2,0,1,2
NC05-0289,,3,,
NC05-0306,,2,,
NC05-0306,3,0,2,3
NC05-0306,4,0,2,1
NC05-0310,,3,,
NC05-0343,,2,,
NC05-0346,,1,,
NC05-0349,1,2,2,3
NC05-0349,0,0,3,1
NC05-0349,0,2,3,2
NC05-0359,,3,,
NC05-0359,3,1,3,2
NC05-0397,,3,,
NC05-0397,0,0,1,3
NC05-0408,3,2,2,2
NC05-0408,1,3,0,3
NC05-0411,,3,,
NC05-0415,,1,0,0
NC05-0419,,0,,
NC05-0422,,2,,
NC05-0422,2,3,2,0
NC05-0422,3,2,2,2
NC05-0431,,1,,0
NC05-0431,3,3,2,2
NC05-0431,3,0,1,2
NC05-0446,,2,,
NC05-0447,,2,,
NC05-0447,0,3,0,
NC05-0457,,3,,
NC05-0460,,3,,
NC05-0460,0,3,0,0
NC05-0485,,3,,0
NC05-0500,,1,,
NC05-0503,,3,,
NC05-0523,,2,,0
NC05-0528,3,1,1,3
NC05-0528,1,3,1,2
NC05-0528,1,1,1,2
NC05-0533,,2,,
NC05-0533,1,0,0,2
NC05-0536,4,2,1,0
NC05-0536,3,3,0,0
NC05-0536,3,2,0,0
NC05-0538,2,3,1,2
NC05-0538A,3,3,2,3
NC05-0538B,0,3,1,1
NC05-0553,3,3,1,2
NC05-0553,4,1,2,2
NC05-0553,,1,,
NC05-0553 A,2,2,1,1
NC05-0553 B,4,1,2,
NC05-0566,4,3,2,3
NC05-0566,3,3,0,2
NC05-0568,3,1,2,2
NC05-0568,,0,,
NC05-0587,,1,,
NC05-0587,3,2,3,3
NC05-0589,,1,,
NC05-0589,3,0,0,0
NC05-0589,3,0,0,
NC05-0598,,1,,
NC05-0601,,3,,
NC05-0609,1,0,1,2
NC05-0609,0,3,0,0
NC05-0619,,1,,
NC05-0632,,2,,
NC05-0636,,2,,
NC05-0636,3,3,0,0
NC05-0636,,0,,
NC06-0022,,3,1,2
NC06-0037,,0,1,3
NC06-0037,0,2,1,
NC06-0052,,3,1,2
NC06-0052,0,1,1,
NC06-0059,,3,0,3
NC06-0059,3,0,0,
NC06-0060,,1,0,0
NC06-0073,,0,0,0
NC06-0074,,3,0,0
NC06-0076,,,,
NC06-0079,,3,2,0
NC06-0099,,3,0,0
NC06-0102,,3,0,3
NC06-0122,,3,0,0
NC06-0125,,3,0,0
NC06-0128,,3,2,
NC06-0133,,3,2,0
NC06-0141,,3,2,
NC06-0146,,3,0,0
NC06-0157,,3,1,0
NC06-0171,,2,,
NC06-0175,,3,,2
NC06-0175,3,3,1,
NC06-0183,,2,,2
NC06-0183,3,2,1,
NC06-0183,3,0,2,1
NC06-0183,3,3,2,1
NC06-0183 ,3,3,0,1
NC06-0185,,1,,3
NC06-0185,2,1,1,2
NC06-0185,3,0,2,
NC06-0189,,3,,3
NC06-0189,2,3,3,2
NC06-0189,1,3,3,
NC06-0192,,2,,3
NC06-0192,0,3,1,
NC06-0210,,3,,0
NC06-0220,,3,,3
NC06-0220,0,2,1,2
NC06-0226,,3,,0
NC06-0226,1,3,2,1
NC06-0231,,3,,0
NC06-0241,,0,,1
NC06-0250,,0,,0
NC06-0250,,,,
NC06-0260,,2,,0
NC06-0261,,0,,1
NC06-0261,3,2,1,1
NC06-0261,4,0,1,0
NC06-0262,,2,,2
NC06-0278,,2,,1
NC06-0278,4,3,1,
NC06-0280,,3,,0
NC06-0288,,3,,0
NC06-0290,,3,,3
NC06-0290,0,3,3,3
NC06-0290,0,3,3,
NC06-0298,,0,,1
NC06-0298,4,1,1,
NC06-0299,,2,,
NC06-0310,,3,,0
NC06-0311,,3,,2
NC06-0311,1,3,1,
NC06-0311,1,0,0,0
NC06-0312,,0,,3
NC06-0312,1,2,1,3
NC06-0312,2,0,1,3
NC06-0312,0,3,3,3
NC06-0312,2,0,2,3
NC06-0320,,0,,0
NC06-0327,,2,,2
NC06-0327,2,2,1,
NC06-0332,,3,,0
NC06-0339,,3,,0
NC06-0345,,3,,3
NC06-0345,0,3,,1
NC06-0345,1,0,0,1
NC06-0345,0,3,,2
NC06-0358,,2,,0
NC06-0361,,3,,2
NC06-0361,2,3,2,
NC06-0363,,2,,3
NC06-0363,1,3,2,3
NC06-0363,1,1,2,3
NC06-0366,,0,,2
NC06-0366,0,1,2,
NC06-0382,,1,,0
NC06-0384,,3,,3
NC06-0384,3,3,3,
NC06-0386,,3,,0
NC06-0389,,0,,0
NC06-0407,,3,,2
NC06-0407,0,3,3,
NC06-0412,,0,,1
NC06-0412,2,0,2,
NC06-0430,,,,1
NC06-0433,,3,,0
NC06-0433,0,3,2,
NC06-0437,,,,2
NC06-0438,,,,1
NC06-0443,,3,,2
NC06-0446,,,,0
NC06-0452,,2,,1
NC06-0452,3,3,0,
NC06-0456,,3,,0
NC06-0489,,,,0
NC06-0503,,1,,3
NC06-0503,3,2,,
NC06-0507,,,,0
NC06-0522,,2,,0
NC06-0524,,2,,3
NC06-0524,0,2,3,3
NC06-0532,,,,0
NC06-0532,0,3,1,
NC06-0546,,3,,
NC06-0546,1,3,1,1
NC06-0546,1,3,0,0
NC06-0557,,3,,2
NC06-0557,4,3,1,3
NC06-0557,4,1,1,
NC06-0558,,,,
NC06-0560,,2,,0
NC06-0562,,3,,0
NC06-0562,1,3,0,0
NC06-0566,,2,,3
NC06-0566,3,3,1,
NC06-0570,,3,,
NC06-0585,,3,,2
NC06-0585,3,2,2,
NC06-0587,,3,,0
NC06-0589,,2,,0
NC06-0590,,0,,3
NC06-0590,3,3,3,
NC06-0596,,3,,0
NC06-0598,,3,,2
NC06-0601,,2,,2
NC06-0601,1,3,1,
NC06-0602,,0,,1
NC06-0602,3,2,0,
NC06-0606,,2,,1
NC06-0606,3,3,1,
NC06-0606,4,3,1,2
NC06-0619,,3,,
NC06-0619,3,3,1,
NC06-0621,,3,,
NC06-0621,2,3,1,2
NC06-0621,1,0,0,1
NC06-0621,3,0,1,.
NC06-0625,,,,
NC06-0626,,3,,3
NC06-0626,2,2,2,
NC06-0629,,,,0
NC06-0630,,,,0
NC06-0634,,,,2
NC06-0634,3,3,2,
NC06-0635,,3,,3
NC06-0635,3,3,2,
NC06-0649,,,,3
NC06-0649,1,3,2,
NC06-0651,,,,2
NC06-0651,0,3,2,2
NC06-0651,0,3,3,2
NC06-0652,,,,2
NC06-0652,1,1,1,2
NC06-0652,,0,,
NC07-0014,,3,1,
NC07-0016,,1,0,
NC07-0018,2,1,,
NC07-0028,0,3,,
NC07-0033,,1,,3
NC07-0033,1,2,1,
NC07-0033,0,1,1,2
NC07-0037,,3,,
NC07-0038,,3,,
NC07-0039,,3,,
NC07-0041,,3,,1
NC07-0041,1,2,2,2
NC07-0044,1,3,0,3
NC07-0044,1,3,2,3
NC07-0044,1,2,3,3
NC07-0044 Proc,1,3,,3
NC07-0049,,3,,
NC07-0051,,3,,
NC07-0061,,0,,
NC07-0066,,3,,
NC07-0068,,1,,
NC07-0076,,2,,
NC07-0076,4,0,0,1
NC07-0076,2,0,2,2
NC07-0079,,2,,1
NC07-0079,1,0,1,
NC07-0090,,2,,1
NC07-0090,1,0,2,1
NC07-0090,0,0,1,1
NC07-0091,,1,,2
NC07-0091,,0,,
NC07-0093,,3,,
NC07-0094,1,1,,1
NC07-0094A,,1,,3
NC07-0094A,0,2,3,3
NC07-0094A,0,1,3,0
NC07-0094B,2,0,0,2
NC07-0094B,0,0,1,1
NC07-0096,,3,,
NC07-0101,,3,,2
NC07-0101,1,3,3,
NC07-0102,,2,,2
NC07-0102,1,2,3,
NC07-0102,1,3,,
NC07-0106,1,2,,2
NC07-0107,,1,,2
NC07-0107,,1,,
NC07-0117,1,2,,
NC07-0124,0,1,2,1
NC07-0124,4,0,.,
NC07-0124,0,1,3,
NC07-0128,,1,,
NC07-0139,,0,,
NC07-0148,,3,,
NC07-0149,,3,,
NC07-0151,,3,,2
NC07-0151,1,3,3,3
NC07-0151,0,4,3,3
NC07-0151,1,3,3,3
NC07-0152,,3,,
NC07-0154,,3,,
NC07-0156,,3,,
NC07-0157,,1,,
NC07-0163,,3,,
NC07-0167,,2,,
NC07-0174,,1,,
NC07-0190,,0,,
NC07-0199,,1,,0
NC07-0199,,0,,
NC07-0207,,1,,
NC07-0216,,1,,
NC07-0221,,0,,3
NC07-0221,,0,,
NC07-0221,0,0,,2
NC07-0229,,,,
NC07-0232,,1,,
NC07-0233,,3,,
NC07-0242,,0,,
NC07-0244,,1,,
NC07-0247,,1,,0
NC07-0247,,0,,
NC07-0247,2,0,0,0
NC07-0250,,3,,
NC07-0251,,3,,
NC07-0254,,2,,1
NC07-0254,2,1,0,0
NC07-0254,0,2,0,1
NC07-0264,,3,,
NC07-0269,,2,,
NC07-0300,,3,,
NC07-0301,,3,,
NC07-0303,,,,
NC07-0307,,1,,
NC07-0308,,3,,
NC07-0310,,3,,
NC07-0311,,2,,
NC07-0322,,3,,
NC07-0322,1,2,2,2
NC07-0322,0,3,3,2
NC07-0322,0,3,3,0
NC07-0324,,1,,
NC07-0331,0,2,,3
NC07-0331,0,0,3,3
NC07-0331,0,3,3,3
NC07-0338,,2,,
NC07-0338,2,0,3,3
NC07-0338,0,1,3,3
NC07-0341,,0,,
NC07-0343,,3,,
NC07-0350,,2,,
NC07-0362,,2,,
NC07-0364,,2,,
NC07-0364,2,0,1,2
NC07-0364,2,1,,2
NC07-0364,2,0,3,0
NC07-0375,,2,,
NC07-0378,,2,,
NC07-0378,4,3,0,
NC07-0382,,3,,
NC07-0389,,3,,
NC07-0389,3,3,3,3
NC07-0391,,3,1,
NC07-0399,,3,,
NC07-0412,3,3,,2
NC07-0412,4,3,2,2
NC07-0412,3,4,,2
NC07-0416,,3,,
NC07-0428,,3,,
NC07-0431,,1,,
NC07-0441,1,0,,2
NC07-0441,,0,,
NC07-0454,,3,,
NC07-0454,1,3,1,1
NC07-0454,0,3,2,1
NC07-0456,,3,,
NC07-0458,,3,,
NC07-0465,,1,,
NC07-0467,,2,,
NC07-0472,,3,,
NC07-0476,,2,,
NC07-0482,,3,1,
NC07-0485,4,0,3,
NC07-0491,0,3,2,
NC07-0496,,1,,
NC07-0505,2,0,0,0
NC07-0505,0,3,1,.
NC07-0514,,3,1,1
NC07-0514,4,0,2,
NC07-0519,0,0,,3
NC07-0519,,0,,
NC07-0519,0,1,3,2
NC07-0539,,3,1,
NC07-0556,1,1,3,3
NC07-0556,0,3,3,3
NC07-0556,0,2,4,2
NC07-0571,2,0,1,
NC07-0583,,3,,
NC07-0630,1,0,3,3
NC07-0630,0,3,3,.
NC07-0673,1,0,0,
NC07-0699,2,1,0,
NC07-0704,,1,,
NC07-0710,4,0,1,
NC07-0722,1,1,3,
NC07-0727,1,0,3,
NC07-0737,1,1,3,
NC07-0738,2,0,3,3
NC07-0738,0,2,3,.
NC07-0745,,2,1,0
NC07-0745,3,0,0,1
NC07-0745,3,1,2,2
NC07-0784,0,0,0,
NC07-0785,3,2,0,
NC07-0785,1,3,2,2
NC07-0785,2,3,4,3
NC07-0803,1,0,3,3
NC07-0803,0,0,3,.
NC07-0810,2,3,2,2
NC07-0810,0,3,3,3
NC07-0810,1,3,3,3
NC07-0813,0,3,,
NC07-0821,2,3,,
NC07-0847,4,2,0,2
NC07-0847,3,3,3,3
NC07-0847,3,3,2,2
NC07-0850,3,2,0,1
NC07-0850,1,3,2,2
NC07-0850,2,3,2,
NC07-0860,1,3,1,
NC07-0865,3,2,2,
NC07-0873,,3,,
NC07-0884,4,3,1,1
NC07-0884,4,3,3,1
NC07-0920,0,2,1,3
NC07-0920,0,3,,1
NC07-0946,,3,,
NC07-0953,2,3,1,0
NC07-0969,3,3,0,2
NC07-0979,0,1,,2
NC07-0979,,0,,
NC07-0979,0,0,3,.
NC08-0034,4,1,2,2
NC08-0034,2,1,2,2
NC08-0036,,2,3,3
NC08-0036,0,4,3,3
NC08-0036,2,3,3,3
NC08-0036,2,3,4,3
NC08-0040,,0,0,2
NC08-0040,0,2,2,1
NC08-0040,2,3,1,2
NC08-0041,,0,1,
NC08-0042,,2,1,2
NC08-0042,0,2,2,2
NC08-0042,0,3,2,
NC08-0045,,3,3,
NC08-0058,,2,1,
NC08-0066,,0,2,
NC08-0067,,2,3,
NC08-0071,,1,2,
NC08-0072,,1,0,
NC08-0074,,1,2,
NC08-0083,,1,0,
NC08-0089,,0,0,
NC08-0097,,0,3,
NC08-0124,,1,,2
NC08-0124,1,3,3,2
NC08-0124,0,3,3,
NC08-0126,,2,,
NC08-0136,,1,,
NC08-0138,,2,,4
NC08-0138,2,2,1,
NC08-0143,,3,,3
NC08-0147,,1,,
NC08-0149,,2,,
NC08-0157,,2,,
NC08-0162,,3,,
NC08-0180,,3,,
NC08-0185,,3,,2
NC08-0185,3,3,,2
NC08-0199,,1,,
NC08-0201,,2,,
NC08-0202,,0,,
NC08-0237,,3,,
NC08-0245,,0,,
NC08-0252,,1,,
NC08-0253,0,2,,
NC08-0267,,3,,
NC08-0271,,0,,
NC08-0273,,1,,
NC08-0275,,1,,0
NC08-0275,0,2,,0
NC08-0275,0,1,0,
NC08-0277,,1,,
NC08-0278,,3,,1
NC08-0278,4,3,,2
NC08-0286,,0,,
NC08-0291,,0,,
NC08-0315,,3,,2
NC08-0315,0,4,,3
NC08-0315,2,3,2,0
NC08-0318,,0,,3
NC08-0318,0,0,,
NC08-0320,,1,,
NC08-0323,,0,,
NC08-0328,,1,,1
NC08-0328,3,3,,1
NC08-0328,3,3,2,2
NC08-0329,,0,,0
NC08-0329,3,1,,
NC08-0332,,0,,
NC08-0332,3,1,,
NC08-0343,,1,,
NC08-0352,,3,,
NC08-0366,,1,,
NC08-0366,2,3,,
NC08-0368,,3,,
NC08-0378,0,3,,2
NC08-0379,,3,,3
NC08-0379,0,3,,3
NC08-0393 ,,,,3
NC08-0404 ,,,,3
NC08-0421,,3,,
NC08-0426 ,,,,3
NC08-0427,3,3,,3
NC08-0427,4,3,4,3
NC08-0427 ,,,,4
NC08-0434 ,,,,3
NC08-0435,3,1,2,3
NC08-0435 ,,,,3
NC08-0435 ,2,3,,3
NC08-0435 ,3,1,2,3
NC08-0437 ,,,,2
NC08-0437 ,2,2,,2
NC08-0437 ,3,1,2,3
NC08-0450 ,,,,2
NC08-0460,0,3,,2
NC08-0460,2,1,0,1
NC08-0469,0,3,,
NC08-0469,,,,3
NC08-0469 ,,,,3
NC08-0471,1,3,3,2
NC08-0471,0,4,,
NC08-0482,,2,,2
NC08-0482,0,3,,
NC08-0500,3,3,,3
NC08-0500,3,2,3,3
NC08-0504,4,3,1,2
NC08-0522,,2,,3
NC08-0526,,1,,
NC08-0530,,3,,3
NC08-0538,2,1,,
NC08-0544,,3,,2
NC08-0544,4,3,,3
NC08-0544,4,3,2,3
NC08-0553,,2,,4
NC08-0553,4,3,,3
NC08-0553,3,4,4,3
NC08-0572,,0,,
NC08-0573,4,2,2,
NC08-0573 ,,,,2
NC08-0576,,0,,2
NC08-0576,0,0,,1
NC08-0586,,3,,
NC08-0617,0,0,,
NC08-0652,0,0,,1
NC08-0652,,0,,
NC08-0660,,1,,0
NC08-0660,3,0,,
NC08-0666,,1,,2
NC08-0666,3,3,,
NC08-0675,,3,,
NC08-0696,1,0,,1
NC08-0724,,2,0,
NC08-0733,0,3,,2
NC08-0733,0,2,1,
NC08-0754,0,0,,2
NC08-0754,,1,,3
NC08-0767,4,0,0,
NC08-0767 ,,,,1
NC08-0778,3,0,,2
NC08-0778,,0,,3
NC08-0779,0,3,,3
NC08-0779,,1,,3
NC08-0814,0,3,,2
NC08-0814,2,2,3,
NC08-0822,1,3,,2
NC08-0822,3,3,2,2
NC08-0822,3,2,1,3
NC08-0838,3,0,,1
NC08-0838,,0,,
NC08-0880,,3,,
NC09-0003,0,2,,
NC09-0003,1,3,2,
NC09-0003,0,3,3,3
NC09-0026,0,3,,
NC09-0030,0,0,,
NC09-0033,0,1,,
NC09-0033,1,2,3,3
NC09-0038,,2,,
NC09-0041,,3,,
NC09-0042,,3,,
NC09-0045,,3,,
NC09-0045,4,1,2,
NC09-0046,,0,,
NC09-0056,,2,,
NC09-0059,,3,,
NC09-0088,,3,,
NC09-0099,,3,,
NC09-0099,3,3,2,1
NC09-0101,,1,,
NC09-0101,,1,,
NC09-0107,,3,,
NC09-0109,,3,,
NC09-0110,,3,,
NC09-0111,,1,,2
NC09-0111,,0,,3
NC09-0112,,2,,
NC09-0117,,3,,
NC09-0122,,3,2,2
NC09-0122,3,3,3,2
NC09-0122,3,3,2,3
NC09-0122,4,3,2,2
NC09-0122_ORG1,,3,,
NC09-0124,,0,,
NC09-0125,,2,,
NC09-0126,,3,,
NC09-0126,3,3,2,
NC09-0127,,3,,
NC09-0128,,3,,
NC09-0130,,2,,
NC09-0136,3,3,1,2
NC09-0136,3,2,1,0
NC09-0158,,3,,
NC09-0164,,3,,2
NC09-0164,4,2,3,3
NC09-0164,3,3,3,2
NC09-0165,,3,,2
NC09-0165,3,3,2,0
NC09-0165,4,2,2,2
NC09-0165,4,2,2,3
NC09-0165 clr skin,3,1,2,
NC09-0169,,3,,3
NC09-0175,,3,,
NC09-0178,,2,,1
NC09-0178,1,2,1,3
NC09-0178,2,1,0,0
NC09-0186,,3,,
NC09-0188,,3,,3
NC09-0188,3,4,3,3
NC09-0188,2,4,2,3
NC09-0190,,3,,3
NC09-0190,3,2,2,3
NC09-0191,,1,,0
NC09-0193,,1,,
NC09-0203,,2,,
NC09-0204,,3,3,3
NC09-0204,3,4,2,
NC09-0208,,0,,3
NC09-0208,,1,,3
NC09-0213,,3,,
NC09-0222,,2,,3
NC09-0222,2,1,3,3
NC09-0222,2,2,4,
NC09-0229,,1,,
NC09-0230,,2,,1
NC09-0230,,3,,
NC09-0240,,3,,2
NC09-0240,1,3,1,
NC09-0244,,3,,
NC09-0251,,0,,
NC09-0255,,3,,
NC09-0279,2,1,4,3
NC09-0316,,2,,2
NC09-0344,0,1,3,2
NC09-0344,0,1,2,2
NC09-0348,0,0,1,
NC09-0350,4,2,3,3
NC09-0350,1,2,4,3
NC09-0360,0,1,4,3
NC09-0362,2,1,2,1
NC09-0362,2,1,0,
NC09-0380,3,0,0,
NC09-0385,3,0,1,
NC09-0385,3,1,1,1
NC09-0411,1,3,1,2
NC09-0411,2,3,2,2
NC09-0411,1,4,2,3
NC09-0413,4,2,3,
NC09-0459,,0,,2
NC09-0459,3,2,2,
NC09-0464,,2,,.
NC09-0594,4,1,4,2
NC09-0603,1,1,4,
NC09-0604,1,2,3,
NC09-0609,2,3,2,2
NC09-0609,2,2,1,3
NC09-0614,3,1,3,
NC09-0615,0,2,1,
NC09-0621,1,3,1,2
NC09-0628,2,4,1,2
NC09-0628,1,3,2,2
NC09-0646,,3,,.
NC09-0654,4,0,3,0
NC09-0654,3,0,2,2
NC09-0707,3,2,1,2
NC09-0707,3,0,0,2
NC09-0707,3,0,1,2
NC09-0717,0,2,3,1
NC09-0717,1,1,3,3
NC09-0717,1,2,4,2
NC09-0719,3,3,0,
NC09-0772,4,3,3,3
NC09-0773,0,0,3,2
NC09-0773,0,0,3,
NC09-0789,1,3,2,
NC09-0790,4,1,1,2
NC09-0790,3,3,2,
NC09-0794,0,0,2,3
NC09-0794,,1,,
NC09-0798,1,0,,
NC09-0798,1,1,0,3
NC09-0852,2,1,,
NC09-0854,2,1,,
NC09-0867,2,3,,
NC09-0897,,3,,1
NC09-0911,2,1,,
NC09-0912,3,3,,3
NC09-0912,4,4,1,3
NC09-0915,1,3,,
NC09-0930,,1,3,2
NC09-0930,0,0,,
NC09-0976,,3,2,0
NC09-0976 ,3,3,,1
NC09-0983,,3,,1
NC09-0983,3,3,,
NC09-0993,,2,1,0
NC09-0993 ,3,3,,0
NC09-1004 ,,1,2,0
NC09-1004 ,,0,,0
NC09-1007,3,2,2,1
NC09-1007 ,,3,1,1
NC09-1007 ,4,1,1,2
NC09-1012,,3,,3
NC09-1012A,3,3,2,2
NC09-1012B,2,3,2,2
NC09-1014,3,2,0,1
NC09-1014 ,,3,0,0
NC09-1014 ,4,1,0,2
NC09-1017,,3,,3
NC09-1050 ,,3,3,2
NC09-1050 ,4,3,2,3
NC09-1052 ,,0,2,0
NC09-1052 ,,0,,0
NC09-1056 ,,2,1,1
NC09-1056 ,3,2,0,0
NC09-1060 ,,3,1,0
NC09-1105,4,3,1,3
NC09-1105,3,3,1,3
NC09-1119,3,2,3,3
NC09-1119,4,2,4,1
NC09-1126,2,0,2,
NC09-1126,1,1,1,
NC09-1132,1,1,3,3
NC09-1132,2,2,3,3
NC09-1132,,2,,
NC09-1182,4,2,2,3
NC09-1182,2,2,3,2
NC09-1222,3,3,3,
NC09-1222,3,2,3,2
NC09-1251,,3,,2
NC09-1251,3,2,2,0
NC09-1294,0,1,3,
NC09-1295,3,3,3,
NC09-1302,3,0,0,2
NC09-1302,3,1,0,
NC09-1328,1,1,1,
NC09-1332,4,0,1,
NC09-1339,3,0,0,1
NC09-1355,3,1,1,2
NC09-1360,3,1,0,
NC09-1363,3,0,0,
NC09-1363,4,0,0,
NC09-1367,3,0,0,
NC09-1367,4,0,0,
NC09-1401,4,0,2,2
NC09-1401,3,0,3,
NC10-0016,0,2,0,2
NC10-0016,0,2,0,0
NC10-0025,2,3,,2
NC10-0025,1,3,1,2
NC10-0038,,1,,
NC10-0061,2,2,4,3
NC10-0061,2,3,3,3
NC10-0066,1,0,1,
NC10-0071,0,0,2,
NC10-0073,,2,,
NC10-0094,0,0,3,1
NC10-0097,0,3,3,
NC10-0104,0,3,3,
NC10-0110,1,3,2,
NC10-0115,,1,,3
NC10-0115,0,1,0,
NC10-0118,1,3,2,3
NC10-0118,1,3,1,3
NC10-0118,1,1,3,
NC10-0121,3,3,2,1
NC10-0121,4,2,1,3
NC10-0140,,1,,3
NC10-0140,3,0,3,3
NC10-0140,4,1,2,3
NC10-0141,,2,,3
NC10-0178,3,4,3,
NC10-0184,,2,,
NC10-0214,3,0,1,
NC10-0231,,0,,3
NC10-0234,0,1,0,
NC10-0258,,0,,2
NC10-0258,4,0,2,
NC10-0263,2,2,3,1
NC10-0263,2,0,2,0
NC10-0271,,2,,0
NC10-0272,3,1,2,3
NC10-0272,4,2,1,
NC10-0275,,4,,2
NC10-0280,0,0,3,3
NC10-0280,0,0,2,
NC10-0319,1,1,0,3
NC10-0319,,4,0,
NC10-0344,0,1,3,3
NC10-0344,0,2,1,3
NC10-0344,0,2,3,
NC10-0347,,1,,3
NC10-0352,,2,,1
NC10-0352,3,2,2,
NC10-0357,,3,,3
NC10-0357,3,4,2,3
NC10-0359,1,3,2,3
NC10-0367,3,3,1,2
NC10-0367,3,3,1,
NC10-0375,0,4,2,
NC10-0382,,1,,3
NC10-0382,0,0,3,3
NC10-0382,4,0,3,3
NC10-0401,,3,,
NC10-0402,,3,,2
NC10-0402,3,1,2,3
NC10-0414,,2,,3
NC10-0414,2,3,3,
NC10-0421,3,3,3,3
NC10-0421,3,4,3,
NC10-0433,,2,,2
NC10-0433,3,3,3,2
NC10-0498,0,0,0,0
NC10-0503,1,0,1,2
NC10-0503,0,0,2,0
NC10-0558,,2,,2
NC10-0585,3,1,1,
NC10-0626,3,1,0,
NC10-0647,1,0,2,2
NC10-0647,,0,1,
NC10-0648,,2,,3
NC10-0648,2,2,0,3
NC10-0671,,0,,
NC10-0672,,3,,
NC10-0673,,1,,
NC10-0677,,0,,
NC10-0686,,2,,
NC10-0691,,3,,
NC10-0693,,2,,2
NC10-0693,4,3,1,
NC10-0701,,3,,3
NC10-0701,1,3,0,
NC10-0708,,3,,
NC10-0711,,0,,
NC10-0711,1,0,0,
NC10-0712,,0,,
NC10-0714,4,1,1,2
NC10-0717,,2,,
NC10-0721,1,3,0,3
NC11-0001,0,3,3,
NC11-0002,,0,,
NC11-0010,,1,,
NC11-0014,,3,,
NC11-0018,,3,,
NC11-0021,,2,,
NC11-0028,,4,,
NC11-0031,,2,,
NC11-0036,,1,,
NC11-0040,,0,,
NC11-0041,,2,,1
NC11-0041,2,2,0,
NC11-0057,,2,,1
NC11-0057,3,3,0,
NC11-0064,,1,,2
NC11-0065,,3,,
NC11-0068,,0,,
NC11-0070,,1,,3
NC11-0073,,1,,
NC11-0074,,3,,1
NC11-0074,,3,2,1
NC11-0075,,0,,
NC11-0076,,1,,
NC11-0084,,1,,3
NC11-0085,,0,,
NC11-0088,,1,,
NC11-0097,,3,,1
NC11-0097,0,3,4,
NC11-0109,,1,,2
NC11-0109,0,0,3,
NC11-0120,,3,,1
NC11-0120,0,1,2,
NC11-0135,,2,,3
NC11-0139,,3,,2
NC11-0141,,1,,2
NC11-0144,,4,,
NC11-0146,,4,,
NC11-0167,,3,,2
NC11-0180,,3,,1
NC11-0180,2,1,0,
NC11-0194,,1,,
NC11-0195,,0,,
NC11-0202,,1,,
NC11-0206,,2,,
NC11-0209,,0,,3
NC11-0209,3,0,2,
NC11-0228,,3,,
NC11-0231,,3,,
NC11-0234,,3,,2
NC11-0234,2,3,3,3
NC11-0234,1,4,4,4
NC11-0234,2,3,,3
NC11-0234M10_G2,3,3,,
NC11-0234M19_G2,3,3,,
NC11-0234M9_G2,2,3,,
NC11-0237,,3,,
NC11-0238,,3,,
NC11-0239,,3,,
NC11-0241,,2,,
NC11-0243,,0,,3
NC11-0243,2,0,1,
NC11-0248,,1,,1
NC11-0248,3,0,1,
NC11-0255,,3,,
NC11-0262,,3,,
NC11-0262,3,2,2,
NC11-0263,,0,,
NC11-0265,,1,,
NC11-0265,1,3,0,1
NC11-0266,,2,,
NC11-0267,,3,,
NC11-0268,,1,,
NC11-0274,,3,,
NC11-0275,,0,,
NC11-0275,2,0,2,
NC11-0298,,0,,
NC11-0310,,3,,
NC11-0316,,1,,
NC11-0320,,0,,
NC11-0321,,0,,
NC11-0335,,2,,
NC11-0341,,4,,
NC11-0351,,1,,
NC11-0352,,1,,
NC11-0354,,1,,
NC11-0354,4,0,2,
NC11-0362,,0,,3
NC11-0362,,0,3,
NC11-0370,1,3,3,2
NC11-0370,1,3,3,
NC11-0372,1,3,3,3
NC11-0395,1,3,3,2
NC11-0479,3,2,3,0
NC11-0493,3,2,2,1
NC11-0493,3,1,2,
NC11-0505,4,1,0,
NC11-0508,0,1,2,
NC11-0521,,0,,
NC11-0533,3,1,3,
NC11-0602,,,,0
NC11-0609,4,2,3,2
NC11-0609,,,,0
NC11-0632,0,2,1,3
NC11-0632,1,3,0,
NC11-0641,3,1,3,3
NC11-0641,,2,3,1
NC11-0643,,0,3,
NC11-0655,1,2,2,0
NC11-0655,1,0,2,
NC11-0661,,0,,0
NC11-0714,1,2,1,
NC11-0730,3,0,0,2
NC11-0730,,1,0,1
NC11-0738,0,2,1,
NC11-0761,1,2,1,
NC11-0777,3,0,2,
NC11-0779,3,0,2,
NC11-0786,4,2,1,
NC11-0797,,1,,1
NC11-0797,,1,1,
NC11-0805,4,1,3,3
NC11-0805,,3,3,0
NC11-0805,3,3,3,
NC11-0825,3,0,3,3
NC11-0825,,0,3,2
NC11-0856,3,2,0,
NC11-0863,3,2,3,2
NC11-0863,3,2,1,0
NC11-0863,3,0,2,
NC11-0925,0,0,2,
NC11-0957,3,0,2,
NC11-0959,3,0,2,3
NC11-0959,3,0,1,
NC11-0970,0,2,1,3
NC11-0970,0,1,1,
NC11-0979,2,0,0,
NC11-0980,4,1,2,3
NC11-0980,3,0,1,
NC11-0982,4,4,3,1
NC11-0982,4,3,3,
NC11-0983,3,1,1,2
NC11-0983,4,1,2,
NC11-0999,2,1,2,2
NC11-0999,4,0,1,3
NC11-1000,0,2,3,
NC11-1003,,2,2,
NC11-1004,,0,,1
NC11-1056,4,0,1,
NC11-1078,,0,0,
NC11-1108,4,1,0,0
NC11-1108,4,0,0,
NC11-1152,3,1,0,
NC11-1180,0,0,3,3
NC11-1191,0,0,2,2
NC11-1240,,2,,
NC11-1246,1,3,3,2
NC11-1246,0,2,2,
NC11-1247,,0,,3
NC11-1247,,0,,2
NC11-1250,0,3,3,
NC11-1261,,0,3,
NC11-1264,,2,2,3
NC12-0003,,3,,
NC12-0009,,3,,3
NC12-0011,,0,,
NC12-0026,,1,,
NC12-0029,,3,,3
NC12-0029,0,3,3,
NC12-0029,0,2,4,
NC12-0030,0,1,2,
NC12-0035,,1,,
NC12-0036,,3,,
NC12-0037,,0,,
NC12-0042,,4,,
NC12-0045,,1,,
NC12-0049,,1,,
NC12-0051,,2,,2
NC12-0051,0,1,4,
NC12-0052,,3,,3
NC12-0052,0,3,0,
NC12-0055,,3,,
NC12-0060,,2,,
NC12-0067,,3,,
NC12-0070,,3,,3
NC12-0070,1,4,2,
NC12-0076,,2,,2
NC12-0089,,3,,
NC12-0091,,0,,
NC12-0094,,3,,
NC12-0096,,1,,
NC12-0102,,3,,
NC12-0103,,3,,
NC12-0106,,2,,
NC12-0107,,0,,
NC12-0123,,2,,
NC12-0129,,3,,2
NC12-0134,,0,,
NC12-0137,,0,,
NC12-0140,,3,,
NC12-0151,,0,,
NC12-0165,,0,,
NC12-0168,,1,,
NC12-0187,,4,,
NC12-0188,,3,,1
NC12-0190,,0,,0
NC12-0191,,0,,
NC12-0198,,0,,
NC12-0202,,,,3
NC12-0203,,2,,
NC12-0205,,1,,0
NC12-0209,,0,,
NC12-0212,,0,,0
NC12-0218,,0,,
NC12-0220,,2,,
NC12-0228,,0,,
NC12-0236,,4,,
NC12-0246,,1,,
NC12-0247,,1,,
NC12-0249,,2,,
NC12-0255,,0,,
NC12-0257,,3,,
NC12-0258,,0,,1
NC12-0259,,1,,
NC12-0262,,0,,
NC12-0267,,4,,
NC12-0268,,3,,
NC12-0271,,2,,
NC12-0274,,3,,
NC12-0281,,1,,
NC12-0282,,3,,
NC12-0284,,2,,
NC12-0289,,3,,
NC12-0292,,0,,
NC12-0295,,1,,
NC12-0309,,3,,
NC12-0309,3,0,0,
NC12-0311,,2,,2
NC12-0332,,2,,
NC12-0347,0,4,4,
NC12-0381,,3,,
NC12-0539,3,0,0,
NC12-0539,3,2,2,
NC12-0539,,2,,0
NC12-0539,3,3,,
NC12-0540 ,,0,0,
NC12-0576,,2,,1
NC12-0580 ,,1,3,
NC12-0589 ,,2,,
NC12-0591,0,4,2,
NC12-0597 ,,2,,
NC12-0602 ,,0,,
NC12-0641,4,2,0,
NC12-0641,3,3,1,3
NC12-0641,,2,,
NC12-0665,,0,,
NC12-0665,3,0,0,
NC12-0665,0,1,2,
NC12-0675,,0,,0
NC12-0682,,4,,2
NC12-0684,3,0,0,
NC12-0693,3,0,1,
NC12-0715,,1,,
NC12-0723,,4,,1
NC12-0723,1,3,2,
NC12-0745,0,0,1,
NC12-0745,0,0,3,
NC12-0746,4,2,0,
NC12-0746,4,2,0,1
NC12-0764,,,,0
NC12-0793,,3,,3
NC12-0793,3,3,1,
NC12-0800,,0,,
NC12-0800,1,2,0,
NC12-0801,,0,,
NC12-0803,,3,,
NC12-0803,0,1,2,
NC12-0809,0,1,0,
NC12-0829,,1,,2
NC12-0829,3,2,3,
NC12-0830,1,2,1,
NC12-0839,3,3,1,
NC12-0839,3,3,0,
NC12-0865,,0,,
NC12-0910,3,3,2,
NC12-0910,3,0,2,
NC12-0926,1,0,1,
NC12-0933,,3,,
NC12-0934,1,4,3,2
NC12-0934,1,4,2,2
NC12-0938,,2,,
NC12-0938,2,1,1,
NC12-0943,,0,,
NC12-0948,,2,,3
NC12-0948,2,3,3,
NC12-0959,,3,,
NC12-0959,3,3,2,
NC12-1060,,1,,
NC12-1149,,3,,3
NC12-1149,1,3,2,
NC12-1149,1,2,3,2
NC12-1195,3,3,3,
NC13-0005,,3,,
NC13-0005,1,4,2,2
NC13-0005,4,3,,3
NC13-0011,1,3,3,
NC13-0013,3,2,3,3
NC13-0013,2,1,,3
NC13-0017,1,1,1,3
NC13-0017,0,2,3,3
NC13-0017,,3,,
NC13-0051,3,3,0,
NC13-0065,,3,,
NC13-0067,3,1,0,
NC13-0067,4,0,2,
NC13-0078,,3,,
NC13-0099,,0,,
NC13-0100,0,2,3,1
NC13-0100,0,3,,1
NC13-0128,,0,,
NC13-0133,,2,,
NC13-0150,3,1,0,3
NC13-0150,2,2,2,4
NC13-0150,,3,,
NC13-0151,,3,,
NC13-0151,2,3,2,3
NC13-0151,2,3,,3
NC13-0153,,0,,
NC13-0157,0,3,2,
NC13-0158,0,2,1,3
NC13-0160,0,1,0,
NC13-0160,2,2,0,2
NC13-0163,1,1,0,
NC13-0163,0,2,0,
NC13-0168,3,0,1,
NC13-0168,3,0,1,
NC13-0175,,4,,
NC13-0184,,0,,
NC13-0184,4,1,,
NC13-0187,2,3,2,
NC13-0189,,3,,
NC13-0199,,4,,
NC13-0204,,2,,
NC13-0204,3,3,3,
NC13-0215,2,0,3,
NC13-0222,4,2,0,
NC13-0222,2,2,0,
NC13-0229,,1,,
NC13-0254,0,1,3,1
NC13-0254,2,3,,2
NC13-0254,2,0,,
NC13-0273,,2,,
NC13-0277,,4,,
NC13-0280,,4,,
NC13-0280,0,4,3,
NC13-0280,0,3,,
NC13-0292,,4,,
NC13-0297,,2,,
NC13-0301,3,1,2,
NC13-0304,,2,,
NC13-0312,,0,,
NC13-0322,,1,,
NC13-0332,,1,,
NC13-0332,0,0,3,
NC13-0333,3,3,2,
NC13-0333,2,2,0,3
NC13-0333,,2,,
NC13-0335,1,3,1,
NC13-0368,,0,,
NC13-0370,,2,,
NC13-0370,1,1,1,0
NC13-0383,,2,,
NC13-0383,2,2,1,2
NC13-0383,2,3,,2
NC13-0390,,4,,
NC13-0410,,2,,
NC13-0410,1,3,3,
NC13-0420,,4,,
NC13-0481,,2,,
NC13-0490,,2,,
NC13-0490,3,3,2,2
NC13-0490,3,3,,2
NC13-0496,0,1,3,3
NC13-0496,1,3,,
NC13-0497,,2,,
NC13-0508,4,1,3,3
NC13-0515,,1,,
NC13-0530,1,3,3,
NC13-0544,,3,,
NC13-0604,3,2,3,
NC13-0604,3,1,2,3
NC13-0611,,2,,
NC13-0613,,3,,
NC13-0613,2,2,4,
NC13-0613,2,3,,1
NC13-0614,,3,,
NC13-0639,0,0,1,
NC13-0672,,0,,
NC13-0724,,2,,
NC13-0747,,1,,
NC13-0748,,2,,
NC13-0768,,0,,
NC13-0775,,3,,
NC13-0794,,0,,
NC13-0809,,3,,
NC13-0810,,0,,
NC13-0821,,3,,
NC13-0821,2,3,1,0
NC13-0825,,2,,
NC13-0825,2,1,0,
NC13-0828,3,3,0,0
NC13-0831,,1,,
NC13-0831,2,0,0,
NC13-0835,,0,,
NC13-0835,0,0,0,
NC13-0842,,2,,
NC13-0909,3,1,3,3
NC13-0909,4,3,,2
NC13-0909,4,2,,
NC13-0934,0,3,3,
NC13-0977,,1,,0
NC13-0977,1,0,,
NC13-0992,2,0,2,3
NC13-0992,3,1,,3
NC13-0994,0,2,2,
NC13-0994A,0,3,0,2
NC13-0994A,1,3,,
NC13-0994B,3,4,1,
NC13-1000,0,3,0,
NC13-1001,0,1,1,
NC13-1001,0,0,2,3
NC13-1001,,2,,2
NC13-1004,0,3,1,
NC13-1004,0,3,2,2
NC13-1004,,3,,1
NC13-1006,0,3,1,
NC13-1006,0,2,2,3
NC13-1006,,2,,
NC13-1007,2,4,1,
NC13-1007,2,2,2,2
NC13-1010,2,1,0,
NC13-1010,2,1,3,3
NC13-1012,0,3,0,
NC13-1012,0,1,1,2
NC13-1014,3,1,0,
NC13-1014,3,2,1,2
NC13-1016,0,2,0,
NC13-1019,1,2,1,
NC13-1019,0,2,3,
NC13-1022,2,4,2,
NC13-1024,0,3,0,
NC13-1027,3,3,1,
NC13-1027,3,2,3,3
NC13-1027,,2,,2
NC13-1037,0,0,1,
NC13-1042,0,2,1,
NC13-1042,0,0,2,1
NC13-1043,2,2,0,
NC13-1043,3,3,1,0
NC13-1043,,1,,
NC13-1048,1,3,0,
NC13-1087,2,3,3,3
NC13-1142,3,2,1,0
NC13-1155,3,3,0,
NC13-1161,3,2,2,3
NC13-1161,4,1,,2
NC13-1169,4,2,2,1
NC13-1169,4,3,,0
NC13-1259,3,4,1,0
NC13-1259,3,3,,2
NC13-1259,3,3,,2
NC13-1347,1,4,0,
NC13-1384,0,2,0,
NC14-0002,,4,,
NC14-0010,,4,,1
NC14-0010,3,3,,
NC14-0011,,3,,
NC14-0014,,2,,4
NC14-0014,1,1,,2
NC14-0014   ,2,0,,
NC14-0024,,4,,1
NC14-0025,0,3,2,3
NC14-0027,3,2,0,
NC14-0033,,3,,
NC14-0045,,3,,
NC14-0056,,3,,
NC14-0070,,0,,
NC14-0086,,3,,
NC14-0107,3,3,3,
NC14-0118,2,3,0,0
NC14-0118,,3,,1
NC14-0118   ,3,4,,
NC14-0127,,4,,
NC14-0129,,2,,3
NC14-0129,,3,,4
NC14-0129   ,4,3,,
NC14-0134,,1,,3
NC14-0134,,0,,3
NC14-0134   ,4,0,,
NC14-0154,,2,,
NC14-0156,,3,,
NC14-0159,,1,,
NC14-0164,,3,,
NC14-0175,,3,,
NC14-0189,3,2,1,
NC14-0195,,2,,
NC14-0211,,3,,
NC14-0253,,3,,
NC14-0274,,0,,4
NC14-0288,,3,,
NC14-0291,,3,,1
NC14-0291,,3,,3
NC14-0294,,3,,
NC14-0315,,3,,
NC14-0333,,3,,0
NC14-0334,,3,,0
NC14-0334,,2,,
NC14-0341,,2,,1
NC14-0341,,3,,2
NC14-0341,4,3,,
NC14-0351,,1,,
NC14-0353,,4,,
NC14-0353,3,4,,2
NC14-0353,3,3,,
NC14-0358,,1,,1
NC14-0358,3,1,,4
NC14-0358,3,0,,
NC14-0364,,0,,
NC14-0391,,2,,
NC14-0423,2,0,2,3
NC14-0423,,0,,
NC14-0425,3,1,2,
NC14-0433,,2,,
NC14-0466,,3,,1
NC14-0468,,3,,
NC14-0480,,0,,0
NC14-0480,,0,,
NC14-0484,,3,,
NC14-0486,,3,,2
NC14-0502,,3,,
NC14-0511,,1,,
NC14-0512,,2,,
NC14-0531,,3,,
NC14-0551,,0,,
NC14-0569,,0,,3
NC14-0569,,1,,3
NC14-0580,,2,,3
NC14-0586,,0,,
NC14-0589,,0,,4
NC14-0589,,0,,4
NC14-0589   ,3,0,,
NC14-0592,,1,,
NC14-0605,,0,,
NC14-0611,,0,,
NC14-0612,,0,,
NC14-0612,,0,,3
NC14-0619,,0,,
NC14-0620,,0,,
NC14-0622,,0,,
NC14-0645,,3,,
NC14-0661,,0,,
NC14-0667,,3,,
NC14-0670,,0,,
NC14-0684,,2,,
NC14-0703,,2,,
NC14-0703,,3,,3
NC14-0708,,2,,2
NC14-0708,3,1,,
NC14-0720,,1,,
NC14-0722,,1,,
NC14-0726,,0,,
NC14-0728,,3,,
NC14-0740,,0,,
NC14-0741,,0,,
NC14-0747,,2,,
NC14-0750,,2,,
NC14-0756,,0,,
NC14-0782,,0,,
NC15-0001,,2,,
NC15-0001   ,4,2,,
NC15-0005,,3,,
NC15-0005   ,1,3,,
NC15-0006,,4,,
NC15-0010,,4,,
NC15-0010   ,3,2,,
NC15-0011,,3,,
NC15-0011  ,3,4,,
NC15-0014,,3,,
NC15-0020,,2,,
NC15-0020   ,4,2,,
NC15-0033,,3,,
NC15-0036   ,3,4,,
NC15-0037,3,2,,
NC15-0037   ,4,3,,
NC15-0038,,2,,
NC15-0054   ,0,2,,
NC15-0055,,3,,
NC15-0068,,0,,
NC15-0071,,2,,
NC15-0072,,3,,
NC15-0087   ,4,4,,
NC15-0091   ,1,2,,
NC15-0098,,2,,
NC15-0100,,3,,
NC15-0101,,3,,
NC15-0109,,3,,
NC15-0110,,2,,
NC15-0119,,3,,
NC15-0119   ,4,3,,
NC15-0120,,3,,
NC15-0120   ,3,3,,
NC15-0130,,3,,
NC15-0130,,3,,
NC15-0131,,3,,
NC15-0133,,3,,
NC15-0134   ,1,3,,
NC15-0135,,0,,
NC15-0141,,3,,
NC15-0141,,3,,
NC15-0152,,2,,2
NC15-0152   ,0,2,,
NC15-0180   ,4,4,,
NC15-0185,,3,,4
NC15-0185   ,0,3,,
NC15-0203,,3,,
NC15-0231   ,0,0,,
NC15-0232,,0,,
NC15-0244,,0,,3
NC15-0252,,3,,2
NC15-0257,3,0,,
NC15-0257   ,3,0,,
NC15-0278,,3,,
NC15-0328,0,2,,
NC15-0328   ,1,0,,
NC15-0350,3,4,,
NC15-0350   ,4,2,,
NC15-0363   ,4,0,,
NC15-0383,,3,,
NC15-0418,,3,,3
NC15-0441,,0,,
NC15-0443,,0,,
NC15-0480,3,4,,
NC15-0480,3,4,,3
NC15-0480   ,4,3,,
NC15-0557   ,4,0,,
NC15-0558,,0,,
NC15-0592,,2,,
NC15-0607,,2,,2
NC15-0607   ,4,0,,
NC15-0612,,3,,
NC15-0633,3,3,,
NC15-0633,4,4,,1
NC15-0633   ,4,3,,
NC15-0647,,3,,
NC15-0650,3,3,,
NC15-0650,4,4,,
NC15-0653,,3,,2
NC15-0659,3,2,,
NC15-0659,3,4,,
NC15-0667,3,2,,
NC15-0691,,0,,2
NC15-0691,4,0,,
NC15-0728,,2,,3
NC15-0728,3,2,,0
NC15-0728,,2,,
NC15-0728A,3,0,,
NC15-0728B,3,1,,
NC15-0728B,3,1,,2
NC15-0728B,,1,,
NC15-0730,,2,,
NC15-0750,3,0,,
NC16-0038,,0,,
NC16-0038,1,1,,
NC16-0055,3,3,,
NC16-0056,3,4,,
NC16-0063,3,4,,
NC16-0064,,3,,
NC16-0097,4,3,,
NC16-0103,4,0,,
NC16-0103,3,2,,
NC16-0104,3,3,,
NC16-0113,3,4,,
NC16-0120,,1,,
NC16-0157,,3,,
NC16-0165,2,3,,
NC16-0173,3,4,,
NC16-0193,,2,,
NC16-0193,3,1,,2
NC16-0193,,0,,
NC16-0201,,0,,
NC16-0204,3,3,,
NC16-0208,3,4,,
NC16-0208,3,3,,
NC16-0245,0,3,,
NC16-0254,,0,,
NC16-0301,,0,,
NC16-0303,,2,,
NC16-0303,3,3,,
NC16-0304,2,0,,
NC16-0307,3,3,,
NC16-0315,,1,,
NC16-0315,1,2,,
NC16-0315,0,2,,
NC16-0320,3,3,,
NC16-0321,,0,,
NC16-0334,,2,,
NC16-0339,,0,,
NC16-0339,3,1,,
NC16-0361,,2,,
NC16-0364,,3,,
NC16-0364,0,4,,
NC16-0364,2,3,,3
NC16-0364,,3,,
NC16-0374,,0,,
NC16-0379,,2,,
NC16-0379,0,3,,
NC16-0388,,0,,
NC16-0389,,2,,
NC16-0391,3,2,,
NC16-0401,,1,,
NC16-0401,3,3,,
NC16-0413,,2,,
NC16-0413,3,3,,
NC16-0413,4,3,,
NC16-0484,4,3,,
NC16-0498,3,3,,
NC16-0521,,1,,
NC16-0558,3,3,,
NC16-0558,4,3,,3
NC16-0587,,2,,
NC16-0603,3,3,,
NC16-0607,2,4,,
NC16-0613,3,3,,1
NC16-0613,,2,,
NC16-0614,3,2,,
NC16-0644,,2,,
NC16-0644,4,3,,0
NC16-0644,,2,,
NC16-0645,,0,,
NC16-0653,1,4,,
NC16-0715,0,3,,
NC16-0725,,3,,
NC16-0749,,3,,
NC16-0759,3,3,,
NC16-0765,3,3,,
NC16-0765,4,3,,3
NC16-0769,,0,,
NC16-0769,1,2,,
NC16-0771,3,3,,
NC16-0778,3,3,,
NC16-0789,4,3,,
NC16-0793,3,3,,
NC16-0839,3,1,,
NC16-0842,3,2,,
NC16-0852,,2,,
NC16-0855,,2,,
NC16-0855,3,3,,
NC16-0855,3,3,,2
NC16-0867,,2,,
NC16-0867,0,1,,
NC16-0873,,3,,
NC16-0873,3,3,,
NC16-0873,3,4,,
NC16-0890,3,3,,0
NC16-0892,,2,,
NC16-0892,3,2,,
NC16-0931,3,0,,
NC16-0947,,0,,
NC16-0950,0,4,,
NC16-0955,,0,,
NC16-0968,,1,,
NC16-0978,,0,,
NC16-0979,,0,,
NC17-0015,,4,,
NC17-0027,,3,,
NC17-0027,1,2,,
NC17-0035,,0,,
NC17-0041,4,2,,
NC17-0045,,3,,
NC17-0045,1,3,,1
NC17-0045,,3,,
NC17-0049,,3,,
NC17-0049,2,3,,1
NC17-0049,,1,,
NC17-0051,,2,,
NC17-0052,2,2,,0
NC17-0052,,0,,
NC17-0053,,1,,
NC17-0075,,0,,
NC17-0077,3,2,,2
NC17-0077,,2,,
NC17-0084,,3,,
NC17-0084,1,1,,
NC17-0087,3,1,,
NC17-0088,,4,,
NC17-0101,,3,,
NC17-0101,3,3,,1
NC17-0101,,3,,
NC17-0115,3,3,,
NC17-0129,3,4,,1
NC17-0129,,3,,
NC17-0140,,3,,
NC17-0145,,3,,
NC17-0145,3,4,,0
NC17-0145,,3,,
NC17-0172,4,3,,
NC17-0177,4,1,,
NC17-0257,,4,,
NC17-0257,0,3,,3
NC17-0257,,4,,
NC17-0294,4,2,,
NC17-0308,2,3,,3
NC17-0308,,4,,
NC17-0315,0,2,,
NC17-0331,3,4,,3
NC17-0331,,3,,
NC17-0358,3,3,,
NC17-0367,,3,,
NC17-0379,3,3,,
NC17-0398,3,3,,
NC17-0402,1,3,,3
NC17-0402,,3,,
NC17-0408,3,3,,
NC17-0439,3,4,,
NC17-0439,4,4,,3
NC17-0439,,4,,
NC17-0442,,2,,
NC17-0442,3,3,,
NC17-0452,0,3,,3
NC17-0452,,2,,
NC17-0474,3,2,,3
NC17-0474,,1,,
NC17-0478,3,3,,
NC17-0485,0,3,,
NC17-0500,3,3,,
NC17-0590,3,0,,3
NC17-0590,,1,,
NC17-0592,2,1,,
NC17-0637,3,3,,3
NC17-0637,,3,,
NC17-0661,3,3,,3
NC17-0661,,1,,
NC17-0664,3,4,,0
NC17-0667,3,1,,
NC17-0735,4,#N/A,,
NC17-0735,3,3,,
NC17-0759,3,3,,
NC17-0767,1,3,,
NC17-0784,4,3,,
NC17-0788,3,3,,
NC17-0788,3,3,,
NC17-0799,3,3,,1
NC17-0799,,2,,
NC17-0800,1,3,,
NC18-0001,,3,,
NC18-0006,,,,3
NC18-0006,,1,,
NC18-0010,,,,2
NC18-0014,,1,,
NC18-0034,,2,,
NC18-0036,,,,0
NC18-0054,,,,2
NC18-0054,,2,,
NC18-0074,,,,3
NC18-0075A,,2,,
NC18-0075B,,3,,
NC18-0109,,,,2
NC18-0109,,3,,
NC18-0111,,,,2
NC18-0134,,3,,
NC18-0156,,2,,
NC18-0169,,2,,
NC18-0205,,3,,
NC18-0230,,3,,
NC18-0246,,,,3
NC18-0246,,2,,
NC18-0294,,1,,
NC18-0296,,0,,
NC18-0297,,0,,
NC18-0333,2,0,,2
NC18-0337,,,,1
NC18-0341,,3,,
NC18-0355,,2,,
NC18-0401,,3,,
NC18-0402,,1,,
NC18-0410,,2,,
NC18-0423,,2,,
NC18-0441,,2,,
NC18-0458,,1,,
NC18-0477,,,,0
NC18-0512B,,2,,
NC18-0525,,2,,
NC18-0536,,2,,
NC18-0545,,1,,
NC18-0587,,,,0
NC18-0587,,3,,
NC18-0592,,3,,
NC18-0600,,3,,
NC18-0609,,1,,
NC18-0627,,,,2
NC18-0629,,1,,
NC18-0658,,0,,
NC18-0662,,3,,
NC18-0671,,,,2
NC18-0695,,1,,
NC18-0753,,1,,
NC18-0762,,,,3
NC18-0781,,,,2
NC18-0800,,2,,
NC18-0823,,2,,
NC18-0850,,,,3
NC18-0850,,1,,
NC18-0863,,,,0
NC18-0871,,,,1
NC18-0871,,3,,
NC413,3,3,0,0
NC413,4,1,0,0
NC415,2,0,1,1
NC415,1,0,0,0
NC415 (FFP) ,0,0,0,0
NC416,3,3,0,0
NC416,1,0,3,0
NC607-16 hybrid,,0,,2
NC96-0013,3,4,,
NC98-0024 ,3,3,,
NC98-0061 ,3,4,,
NC98-0063 ,3,3,,
NC98-0342 ,0,4,,
NC98-0608,4,3,3,3
NC98-0608,3,2,3,3
NC98-0608,2,3,3,3
NC98-0608 ,3,3,,
NC99-0012 ,0,0,,
NC99-0026,3,2,1,2
NC99-0026,2,3,0,1
NC99-0026 ,3,3,,
NC99-0026 ,4,3,2,1
NC99-0031 ,1,4,,
NC99-0031 ,2,3,1,0
NC99-0064 ,2,3,,
NC99-0068 ,0,3,,
NC99-0083 ,0,0,,
NC99-0088,4,4,1,2
NC99-0088,3,3,0,0
NC99-0088,2,4,0,1
NC99-0088 ,3,4,,
NC99-0371 ,0,0,,
NC99-0501 ,0,1,,
NC99-0524,3,3,3,2
NC99-0524,0,3,3,2
NC99-0524,0,3,3,3
NC99-0524 ,3,3,,
NC99-0538 ,0,0,,
NC99-0538 ,3,1,3,1
NCDM00-0774,4,2,1,2
NCDM00-0774,3,2,0,
NCDM00-0774 ,3,4,,
NCDM00-0817,4,0,0,
NCDM00-0817,2,0,0,
NCDM00-0817,2,2,0,0
NCDM00-0817 ,2,0,,
NCDM01-0014,3,0,0,
NCDM01-0014 ,4,2,1,2
NCDM01-0019,3,0,0,1
NCDM01-0019,2,1,1,0
NCDM01-0019 ,3,2,0,2
NCDM01-0029,2,2,0,
NCDM01-0029 ,4,3,0,3
NCDM01-0030,3,0,0,
NCDM01-0030 ,4,1,0,1
NCDM01-0066,3,0,0,
NCDM01-0066 ,4,2,1,1
NCDM01-0074,2,0,,
NCDM01-0074,3,0,0,
NCDM01-0074 ,4,0,1,3
NCDM01-0095,2,2,1,
NCDM01-0095 ,4,3,0,0
NCDM01-0124,3,0,0,0
NCDM01-0124,3,1,0,0
NCDM01-0124,3,0,0,0
NCDM01-0124 ,4,2,0,0
NCDM01-0143,3,1,1,
NCDM01-0143 ,4,2,1,2
NCDM01-0151,3,2,0,
NCDM01-0151 ,4,2,0,0
NCDM01-0157,1,0,1,
NCDM01-0157 ,4,0,1,1
NCDM01-0158,1,1,,
NCDM01-0158,0,1,1,0
NCDM01-0158,0,3,1,1
NCDM01-0158,1,1,3,1
NCDM01-0158 ,2,2,0,0
NCDM01-0171,3,3,0,
NCDM01-0171 ,4,3,3,3
NCDM01-0209 ,4,1,0,0
NCDM02-0025,0,1,0,
NCDM02-0025,0,2,1,0
NCDM02-0025,1,0,0,
NCDM02-0025   ,,2,,0
NCDM02-0038,1,0,0,
NCDM02-0038   ,,2,,1
NCDM02-0043,0,0,2,2
NCDM02-0043,0,1,2,0
NCDM02-0043,1,1,3,1
NCDM02-0043   ,,1,,2
NCDM02-0045   ,,2,,
NCDM02-0052   ,,1,,
NCDM02-0072,1,3,0,
NCDM02-0072   ,,3,,
NCDM02-0076   ,,3,,
NCDM02-0081   ,,4,,
NCDM02-0095   ,,2,,
NCDM02-0098,2,0,0,
NCDM02-0098   ,,1,,0
NCDM02-0101   ,,4,,0
NCDM02-0105,3,3,0,0
NCDM02-0105,2,3,0,0
NCDM02-0105,4,2,1,0
NCDM02-0105   ,,3,,1
NCDM02-0111   ,,3,,
NCDM02-0124,3,3,0,0
NCDM02-0124,1,3,0,0
NCDM02-0124   ,,3,,1
NCDM02-0127,0,2,0,0
NCDM02-0127,2,2,0,0
NCDM02-0127   ,,2,,0
NCDM02-0128   ,,3,,
NCDM02-0131   ,,2,,0
NCDM02-0138,2,2,0,2
NCDM02-0138   ,,1,,2
NCDM02-0160   ,,3,,
NCDM02-0162   ,,2,,
NCDM02-0169,4,3,0,1
NCDM02-0169   ,,3,,2
NCDM02-0172    ,,4,,
NCDM02-0175,3,1,1,
NCDM02-0175   ,,2,,0
NCDM02-0179,3,2,1,
NCDM02-0179   ,,2,,3
NCDM02-0180,2,0,0,0
NCDM02-0180,3,3,1,0
NCDM02-0180,4,0,1,0
NCDM02-0180   ,,2,,2
NCDM02-0201,3,3,0,0
NCDM02-0201   ,,4,,1
NCDM02-0207,0,3,0,
NCDM02-0207   ,,4,,0
NCDM02-0216   ,,2,,
NCDM02-0220   ,,2,,0
NCDM02-0222,3,0,0,0
NCDM02-0222,3,2,0,0
NCDM02-0222,4,0,0,0
NCDM02-0222   ,,2,,0
NCDM02-0227   ,,0,,
NCDM02-0228   ,,2,,
NCDM02-0291,0,1,1,
NCDM02-0291,0,2,2,0
NCDM02-0291,1,1,2,1
NCDM02-0291   ,,2,,1
NCDM02-0297,3,0,0,
NCDM02-0297,,,,
NCDM02-0297   ,,0,,1
NCDM02-0300   ,,0,,
NCDM02-0308   ,,1,,0
NCDM02-0350   ,,0,,
NCDM02-0356   ,,0,,
NCDM02-0376   ,,2,,
NCDM02-0389   ,,2,,
NCDM02-0395   ,,3,,
NCDM02-0396   ,,4,,
NCDM02-0400   ,,4,,
NCDM03-0003,,0,,0
NCDM03-0003,0,1,0,0
NCDM03-0003,0,2,0,
NCDM03-0003,0,1,0,0
NCDM03-0012,,3,,0
NCDM03-0012,0,3,1,0
NCDM03-0012,,1,,
NCDM03-0014,,1,,
NCDM03-0016,,0,,
NCDM03-0017,,3,,
NCDM03-0021,,2,,
NCDM03-0022,,2,,
NCDM03-0024,,2,,
NCDM03-0028,,0,,
NCDM03-0029,,3,,
NCDM03-0033,,1,,
NCDM03-0033,3,3,0,0
NCDM03-0033,4,2,0,0
NCDM03-0035,,3,,1
NCDM03-0035,1,3,1,0
NCDM03-0035,1,0,0,0
NCDM03-0035,0,0,0,0
NCDM03-0037,,3,,
NCDM03-0038,,3,,
NCDM03-0041,,3,,1
NCDM03-0041,3,3,1,1
NCDM03-0041,4,1,0,0
NCDM03-0042,,2,,
NCDM03-0045,,3,,
NCDM03-0046,,2,,2
NCDM03-0046,1,3,1,0
NCDM03-0051,,2,,0
NCDM03-0056,,3,,
NCDM03-0058,,3,,
NCDM03-0060,,1,,
NCDM03-0064,,3,,
NCDM03-0065,,3,,
NCDM03-0068,,4,,2
NCDM03-0068,3,3,1,0
NCDM03-0068,,2,,
NCDM03-0073,,3,,
NCDM03-0074,,3,,
NCDM03-0079,,1,,
NCDM03-0083,,3,,
NCDM03-0085,,3,,0
NCDM03-0085,3,3,1,0
NCDM03-0085,4,2,1,0
NCDM03-0087,,,,0
NCDM03-0087,0,3,0,0
NCDM03-0089,,2,,
NCDM03-0092,,3,,2
NCDM03-0092,3,3,2,0
NCDM03-0092,3,3,3,0
NCDM03-0092,4,0,0,1
NCDM03-0092,3,,3,0
NCDM03-0096,,3,,
NCDM03-0102,,4,,0
NCDM03-0104,,3,,0
NCDM03-0104,2,3,1,0
NCDM03-0104,3,2,0,0
NCDM03-0104,3,3,0,0
NCDM03-0111,,0,,
NCDM03-0116,,1,,1
NCDM03-0116,3,1,0,0
NCDM03-0116,3,0,0,0
NCDM03-0133,,0,,1
NCDM03-0133,3,0,1,0
NCDM03-0133,,1,,
NCDM03-0141,,2,,1
NCDM03-0141,1,1,0,0
NCDM03-0146,,3,,0
NCDM03-0146,0,3,2,0
NCDM03-0146,,2,,
NCDM03-0146  ,2,0,1,0
NCDM03-0146  ,1,3,1,0
NCDM03-0166,,3,,0
NCDM03-0166,0,3,1,0
NCDM03-0167,,2,,
NCDM03-0168,,2,,0
NCDM03-0168,3,3,0,0
NCDM03-0170,,3,,0
NCDM03-0172,,3,,1
NCDM03-0173,,3,,0
NCDM03-0173,0,3,0,0
NCDM03-0174,,3,,
NCDM03-0179,,3,,
NCDM03-0186,,3,,
NCDM03-0187,,3,,
NCDM03-0189,,3,,0
NCDM03-0189,1,3,1,0
NCDM03-0189,,2,,
NCDM03-0190,,3,,
NCDM03-0204,,2,,
NCDM04-0001,0,2,1,0
NCDM04-0001,0,2,0,0
NCDM04-0001,0,2,1,1
NCDM04-0011,,2,,
NCDM04-0043,,2,,0
NCDM04-0051,4,2,1,2
NCDM04-0051,3,2,0,2
NCDM04-0051,3,2,0,2
NCDM04-0096,,0,,
NCDM04-0138,3,0,1,
NCDM04-0146,4,3,1,1
NCDM04-0146,3,3,0,0
NCDM04-0146,2,3,0,1
NCDM04-0164,1,3,3,1
NCDM04-0164,1,0,2,2
NCDM04-0175,3,0,1,1
NCDM04-0190,1,1,2,0
NCDM04-0190,3,2,0,1
NCDM04-0197,1,3,2,0
NCDM04-0197,2,3,1,0
NCDM04-0197,0,3,1,1
NCDM04-0206,4,3,2,1
NCDM04-0206,3,0,2,2
NCDM04-0207,4,1,2,0
NCDM04-0208,3,0,0,1
NCDM04-0208,2,0,0,2
NCDM04-0226,3,0,1,0
NCDM04-0226,3,0,0,0
NCDM04-0228,4,0,0,0
NCDM04-0228,4,3,0,0
NCDM04-0230,4,0,2,1
NCDM04-0238,0,0,0,
NCDM04-0259,1,0,2,0
NCDM04-0259 pur under skin,0,0,0,0
NCDM04-0259 white under skin,0,0,0,0
NCDM04-0261,3,0,1,1
NCDM04-0263,,2,,0
NCDM04-UNK2,,1,,0
NCDM05-0022,3,2,0,1
NCDM05-0022,4,1,0,1
NCDM05-0067,0,2,0,2
NCDM05-0067,0,1,2,
NCDM05-0068,2,1,0,0
NCDM05-0068,2,0,0,0
NCDM05-0090,3,0,0,0
NCDM05-0090,4,1,0,
NCDM05-0115,0,1,3,0
NCDM05-0115,1,0,3,
NCDM05-0121,2,0,0,2
NCDM05-0121,3,0,1,
NCDM05-0132,1,2,1,2
NCDM05-0132,0,1,2,1
NCDM05-0134,1,1,0,2
NCDM05-0134,1,2,2,1
NCDM05-0153,1,0,2,1
NCDM05-0153,2,2,2,2
NCDM05-0156,0,0,3,1
NCDM05-0172,0,2,2,2
NCDM06-0006,4,3,1,1
NCDM06-0011,1,2,1,0
NCDM06-0024,,1,1,
NCDM06-0025,,3,1,0
NCDM06-0025,3,3,0,0
NCDM06-0026,,3,0,
NCDM06-0028,,2,1,
NCDM06-0036,,3,0,1
NCDM06-0036,2,3,0,2
NCDM06-0044,,3,,
NCDM06-0058,3,0,0,0
NCDM06-0058,,0,,0
NCDM06-0066,,3,,0
NCDM06-0066,3,3,2,
NCDM06-0082,,3,1,2
NCDM06-0112,4,1,3,1
NCDM06-0123,3,3,0,0
NCDM06-0123,3,3,0,0
NCDM07-0011,2,0,3,1
NCDM07-0034,3,3,0,
NCDM07-0034,,3,1,1
NCDM07-0047,3,1,0,1
NCDM07-0047,,0,,1
NCDM10-0004,,1,,
NCDM10-0006,,2,,0
NCDM10-0013,,2,,1
NCP00-0819 ,0,0,,
NCP00-0819 ,1,4,0,0
NCP01-0095 ,3,2,,
NCP01-0181,4,1,0,1
NCP01-0181,1,2,0,0
NCP01-0181 ,3,0,,
NCP01-0191,4,2,1,1
NCP01-0191,1,3,0,1
NCP01-0191,3,3,0,1
NCP01-0191 ,1,1,,
NCP01-0192,4,0,1,2
NCP01-0192,1,3,0,
NCP01-0192,3,2,3,2
NCP01-0192 ,1,0,,
NCP01-0200,3,0,,
NCP01-0200 ,4,1,1,2
NCP01-0392 ,3,0,,
NCP04-0001,0,,0,
NCP04-0013,3,1,1,1
NCP04-0013,0,0,0,1
NCP04-0020,2,,0,
NCP04-0023,0,,1,
NCP04-0027,2,,1,
NCP04-0042,1,,2,
NCP04-0051,2,3,1,1
NCP04-0051,4,2,2,2
NCP04-0051,2,0,0,1
NCP04-0060,1,,0,
NCP04-0061,0,,0,
NCP04-0062,2,2,2,0
NCP04-0062,3,2,0,0
NCP04-0069,0,0,2,1
NCP04-0069,0,0,1,2
NCP04-0069,0,0,1,0
NCP04-0071,0,,0,
NCP04-0073,,,,
NCP04-0074,0,3,1,1
NCP04-0075,2,,1,
NCP04-0076,0,,1,
NCP04-0078,0,3,1,0
NCP04-0078,1,1,1,2
NCP04-0078,0,0,0,0
NCP04-0079,0,0,3,1
NCP04-0079,2,2,3,2
NCP04-0079,0,0,3,1
NCP04-0083,1,1,0,0
NCP04-0083,3,0,0,0
NCP04-0083,3,0,0,0
NCP04-0088,,,,
NCP04-0088,3,0,1,3
NCP04-0088,,0,1,1
NCP04-0093,0,,1,
NCP04-0095,1,1,1,0
NCP04-0095,2,1,1,1
NCP04-0095,,3,1,1
NCP04-0099,0,,2,
NCP04-0100,0,,1,
NCP04-0100,0,1,1,1
NCP04-0100A,,2,1,1
NCP04-0100B,,3,0,0
NCP04-0103,,,,
NCP04-0108,0,0,1,1
NCP04-0108,,1,0,2
NCP04-0108,,3,0,2
NCP04-0111,0,0,0,0
NCP04-0111,0,1,2,2
NCP04-0111,,2,0,1
NCP04-0113,,,,
NCP04-0118,1,,1,
NCP04-0118,3,1,1,0
NCP04-0118,,0,0,0
NCP04-0121,0,,0,0
NCP04-0123,0,2,0,0
NCP04-0123,0,1,0,0
NCP04-0123,,1,0,0
NCP04-0131,3,2,0,
NCP04-0137,1,,0,
NCP04-0151,1,,1,0
NCP05-0028,,0,0,0
NCP05-0028,4,1,,0
NCP05-0034,,1,1,1
NCP05-0034,3,0,1,
NCP05-0055,,3,0,0
NCP05-0055,1,0,0,0
NCP05-0063,,0,0,0
NCP05-0063,4,3,0,1
NCP05-0082,,1,0,0
NCP05-0082,3,0,0,0
NCP05-0086,,0,0,0
NCP05-0086,0,0,0,0
NCP05-0087,,0,0,0
NCP05-0087,,,0,0
NCP05-0095,,1,0,1
NCP05-0095,3,2,0,0
NCP05-0100,,0,0,0
NCP06-0002,2,0,3,3
NCP06-0002,1,1,3,2
NCP06-0010,0,2,1,2
NCP06-0014,0,0,1,1
NCP06-0014,1,1,2,0
NCP06-0015,2,0,1,
NCP06-0016,1,2,1,1
NCP06-0016,1,3,3,0
NCP06-0016,,3,1,1
NCP06-0017,2,1,1,3
NCP06-0017,3,1,2,2
NCP06-0017,,,,2
NCP06-0018,2,2,1,1
NCP06-0018,1,1,0,0
NCP06-0020,1,2,0,0
NCP06-0020,1,3,2,0
NCP06-0020,,2,1,0
NCP06-0020,,3,,1
NCP06-0027,2,0,1,0
NCP06-0027,2,1,0,0
NCP06-0028,2,1,0,2
NCP06-0028,4,1,0,0
NCP06-0048,1,3,0,1
NCP06-0048,1,0,2,1
NCP06-0048,,1,1,2
NCP06-0058,0,3,1,0
NCP06-0058,1,0,0,1
NCP06-0061,2,0,0,0
NCP06-0061,1,0,1,0
NCP08-0004,3,2,2,0
NCP08-0004,,2,1,1
NCP08-0004,,1,,2
NCP09-0001,,3,0,0
NCP09-0001,,3,0,2
NCP09-0001,1,3,0,0
NCP09-0005,,2,0,0
NCP09-0005,,1,0,0
NCP09-0013,,3,2,1
NCP09-0013,,3,1,2
NCP09-0013,1,2,2,1
NCP09-0017,,3,0,0
NCP09-0017,,2,0,2
NCP09-0019,,0,2,2
NCP09-0019,,0,2,2
NCP09-0022,,3,2,2
NCP09-0022,,3,3,2
NCP09-0022,0,3,2,1
NCP09-0026,,0,2,1
NCP09-0026,,0,0,1
NCP09-0027,,3,1,1
NCP09-0027,,1,1,1
NCP09-0027,1,1,1,1
NCP09-0030,,0,1,0
NCP09-0030,,0,0,1
NCP09-0036,,1,0,0
NCP09-0045,,2,1,1
NCP09-0045,,2,1,0
NCP09-0056,,3,1,0
NCP09-0056,,2,1,0
NCP09-0056,1,0,0,0
NCP09-0058,,0,0,0
NCP09-0058,,0,0,1
NCP09-0059,,0,1,0
NCP09-0059,,1,0,1
NCP09-0060,,0,1,1
NCP09-0060,,0,2,1
NCP09-0069,,1,1,1
NCP09-0069,,0,1,1
NCP09-0076,,3,1,1
NCP09-0076,,3,2,0
NCP09-0076,3,4,0,1
NCP09-0078,,0,0,0
NCP09-0078,,2,0,0
NCP09-0081,,0,1,1
NCP09-0081,,0,0,1
NCP09-0089,,0,0,0
NCP09-0089,,0,,2
NCP09-0089,,0,,0
NCP09-0093,,0,2,0
NCP09-0093,,0,,1
NCP09-0099,,0,2,2
NCP09-0099,,0,,2
NCP09-0104,,1,0,0
NCP09-0104,,0,,0
NCP09-0107,,0,1,1
NCP09-0107,,0,,1
NCP09-0109,,1,1,2
NCP09-0109,,1,,1
NCP09-0111,,0,1,1
NCP09-0111,,0,,2
NCP09-0113,,0,1,1
NCP09-0113,,0,,2
NCP09-0118,,1,1,1
NCP09-0118,,0,,0
NCP09-0122,,0,2,0
NCP09-0122,,0,,1
NCP09-0125,,0,0,0
NCP09-0125,,0,,1
NCP09-0127,,1,0,0
NCP09-0127,,3,,1
NCP09-0130,,2,0,0
NCP09-0130,,3,,0
NCP09-0139,,1,1,1
NCP09-0139,,3,,2
NCP09-0139,0,1,1,1
NCP12-0018,2,3,1,1
NCP12-0018,,0,,
NCP12-0042,,1,,
NCP12-0048,,0,,
NCP12-0050,3,0,0,0
NCP12-0050,,0,,
NCP12-0051,2,1,0,0
NCP12-0051,,1,,
NCP12-0055,2,0,0,0
NCP12-0055,,1,,
NCP12-0061,,0,,
NCP12-0062,,0,,
NCP12-0063,2,0,0,0
NCP12-0063,,0,,
NCP12-0067,,0,,
NCP12-0067,1,0,2,
NCP12-0068,,1,,
NCP12-0094,,0,,
NCP12-0097,,1,,
NCP12-0112,,1,,
NCP12-0115,,1,,
NCP12-0140,,1,,
NCP12-0141,,0,,
NCP12-0146,,0,,
NCP12-0147,,1,,
NCP12-0148,4,3,0,2
NCP12-0148,,3,,
NCP12-0150,,2,,
NCP12-0169,,3,,
NCP12-0170,,3,,
NCP12-0177,1,3,0,2
NCP12-0177,0,3,0,
NCP12-0177,0,3,0,
NCP12-0178,,1,,
NCP12-0183,1,2,0,
NCP12-0192,,0,,
NCP12-0197,,1,,
NCP12-0199,,1,,
NCP12-0201,1,3,1,0
NCP12-0201,,1,,
NCP12-0202,2,1,0,0
NCP12-0202,,0,,
NCP12-0203,3,2,0,0
NCP12-0203,,1,,
NCP12-0204,2,2,0,0
NCP12-0204,,0,,
NCP12-0205,3,2,0,1
NCP12-0205,2,1,0,
NCP12-0208,,0,,
NCP12-0210,,3,,
NCP12-0213,,0,,
NCP12-0218,,0,,
NCP12-0229,,0,,
NCP12-0230,,0,,
NCP12-0233,2,3,0,0
NCP12-0233,1,3,0,
NCP12-0233,0,2,0,1
NCP12-0234,1,3,0,3
NCP12-0234,,2,,
NCP12-0237,0,3,0,1
NCP12-0237,,2,,
NCP12-0249,,0,,
NCP12-0254,,1,,
NCP12-0254,,0,,
NCP12-0259,,1,,
NCP12-0266,0,0,0,1
NCP12-0266,,2,,
NCP12-0268,0,2,0,0
NCP12-0268,,3,,
NCP12-0269,1,0,0,0
NCP12-0269,1,1,0,
NCP12-0278,,1,,
NCP12-0282,,0,,
NCP12-0284,3,1,2,1
NCP12-0284,,1,,
NCP12-0286,,0,,
NCP12-0287,4,0,2,0
NCP12-0287,3,0,2,
NCP13-0005,,2,,3
NCP13-0005,2,3,,4
NCP13-0005,3,2,,
NCP13-0005_M13-4_G2,,3,,
NCP13-0005_M14-4_G2,,2,,
NCP13-0005_M15-8_G2,,2,,
NCP13-0005_M16-2_G2,,2,,
NCP13-0010,4,0,,
NCP13-0019,0,0,0,
NCP13-0019,0,0,0,
NCP13-0030,,2,,1
NCP13-0030,3,3,,1
NCP13-0030,4,1,,
NCP13-0030_M10-4_G2,,2,,
NCP13-0030_M12-3_G2,,3,,
NCP13-0030_M12-5_G2,,3,,
NCP13-0030_M9-2_G2,,3,,
NCP13-0032,,2,,
NCP13-0057,,4,,3
NCP13-0057,3,3,,0
NCP13-0057,3,4,,
NCP13-0073,,3,,3
NCP13-0080,,0,,
NCP13-0096,0,0,0,
NCP13-0096,0,0,0,
NCP13-0129,1,0,0,
NCP13-0129,1,0,0,2
NCP13-0138,,3,,
NCP13-0147,0,0,0,0
NCP13-0151,3,1,1,
NCP13-0168,0,2,1,2
NCP13-0171,2,0,,
NCP13-0177,3,0,1,1
NCP13-0186,1,0,0,
NCP13-0186,,0,,2
NCP13-0192,,1,,
NCP13-0196,2,2,1,1
NCP13-0196,3,1,,0
NCP13-0196,3,2,,
NCP13-0270,,0,,
NCP13-0285,0,2,0,3
NCP13-0285,0,3,,2
NCP13-0285,1,2,,
NCP13-0285_M6-4_G2,,3,,
NCP13-0285_M7-4_G2,,3,,
NCP13-0285_M8-4_G2,,3,,
NCP13-0308,3,2,3,
NCP13-0313,,0,,
NCP13-0315,,1,,
NCP13-0315,0,2,,0
NCP13-0315,1,3,,
NCP13-0315_M2-5_G2,,3,,
NCP13-0320,2,1,,
NCP13-0322,0,3,2,
NCP13-0322,0,3,,2
NCP13-0326,0,3,2,
NCP13-0326,0,3,,1
NCP13-0328,0,2,2,
NCP13-0329,0,1,0,
NCP13-0329,0,0,,0
NCP13-0408,0,3,0,
NCP13-0408,2,3,,0
NCP13-0409,2,2,0,
NCP13-0464,2,3,1,
NCP13-0500,,1,,
NCP13-0539,1,0,1,
NCP14-0004,,0,,
NCP14-0014,,2,,0
NCP14-0014,4,0,,
NCP14-0018,,1,,1
NCP14-0018,3,1,,
NCP14-0021,,1,,3
NCP14-0021,3,0,,
NCP14-0029,,4,,
NCP14-0038,,4,,
NCP14-0046,,4,,
NCP14-0062,,3,,
NCP14-0084,,4,,
NCP14-0087,,4,,
NCP14-0093,,3,,
NCP14-0094,,2,,
NCP14-0095,,0,,
NCP14-0099,,3,,0
NCP14-0099,3,2,,
NCP14-0104,,2,,
NCP14-0104,,1,,
NCP14-0137,,0,,
NCP14-0137,,1,,
NCP14-0156,,2,,2
NCP14-0156,,3,,0
NCP14-0156,2,2,,
NCP14-0179,,3,,
NCP14-0202,,1,,
NCP14-0214,,1,,
NCP14-0214,,2,,
NCP14-0224,,0,,0
NCP14-0224,2,0,,
NCP15-0006,,2,,
NCP15-0007,,1,,
NCP15-0007,,1,,
NCP15-0007,4,3,,3
NCP15-0007,,3,,
NCP15-0017,,3,,
NCP15-0021,,1,,
NCP15-0022,,4,,0
NCP15-0022,,1,,
NCP15-0025,,0,,
NCP15-0025,,2,,
NCP15-0027,,2,,
NCP15-0030,,3,,
NCP15-0037,,3,,0
NCP15-0037,,2,,
NCP15-0040,,3,,1
NCP15-0040,,1,,
NCP15-0041,,3,,0
NCP15-0041,,2,,
NCP15-0046,,1,,
NCP15-0049,,0,,
NCP15-0050,,0,,
NCP15-0052,,1,,0
NCP15-0052,,0,,
NCP15-0058,,0,,
NCP15-0069,,3,,1
NCP15-0069,,1,,
NCP15-0077,,4,,0
NCP15-0077,,3,,
NCP15-0083,,3,,2
NCP15-0099,,3,,
NCP15-0099,,3,,
NCP15-0099,3,4,,
NCP15-0124,,0,,
NCP15-0129,,3,,0
NCP15-0129,,2,,
NCP15-0130,,3,,0
NCP15-0130,,0,,
NCP16-0001,2,3,,3
NCP16-0001,,2,,
NCP16-0004,,1,,
NCP16-0004,0,3,,
NCP16-0005,,2,,
NCP16-0005,3,3,,2
NCP16-0005,,2,,
NCP16-0030,,3,,
NCP16-0046,,2,,
NCP16-0046,4,2,,1
NCP16-0046,,2,,
NCP16-0064,3,3,,0
NCP16-0064,,2,,
NCP16-0081,,3,,
NCP16-0092,,3,,
NCP16-0092,4,3,,
NCP16-0095,3,2,,0
NCP16-0095,,1,,
NCP16-0096,,2,,
NCP16-0142,,0,,
NCP16-0142,4,3,,0
NCP16-0142_SK1,4,3,,0
NCP16-0142_SK1,,2,,
NCP17-0006,4,3,,
NCP18-0009,,1,,
NCP18-0017,,3,,
NCP18-0025,,1,,
NCP18-0043,,4,,
NCP18-0047,,0,,
NCP18-0053,,3,,
NCP18-0060,,3,,
NCP18-0070,,2,,
NCP18-0071,,2,,
NCP18-0072,,3,,
NCP18-0076,,2,,
NCP18-0092,,3,,
NCP18-0093,,4,,
NCP18-0096,,3,,
NCP18-0102,,1,,
NCP18-0105,,3,,
NCP18-0111,,3,,
New Kawogo,3,0,,
No Name,,0,,
No Name,,0,,
No Name#1,,0,,
No Name#1,,3,,
O.4,,1,,
O.4,,0,,
Okinawa 100 ,0,0,,
Orleans,0,0,3,3
Orleans,,2,3,
Orleans,,3,,2
Orleans,0,2,4,3
P2611-10,4,0,0,0
PortoRico_G2,0,0,,
PortoRico_G2,0,2,1,0
PortoRico_G2,0,2,0,0
PortoRico_G2,0,2,,0
PortoRico_G2,2,3,3,0
PortoRico_G2,1,0,3,0
PortoRico_G2,0,0,0,0
PortoRico_G2,0,0,3,0
PortoRico_G2,0,0,0,0
PortoRico_G2,0,0,1,0
PortoRico_G2,0,0,1,0
PortoRico_G2,0,0,0,1
PortoRico_G2,0,0,0,0
PortoRico_G2,0,0,0,
PortoRico_G2,0,0,0,1
PortoRico_G2,0,0,,0
PortoRico_G2,0,0,,
PortoRico_G2,0,0,,
PortoRico_G2,0,0,,0
PortoRico_G2,,0,,
Purple,3,2,0,0
Q25736,,0,,
R.D.T.,2,2,2,0
Red Cov #1,3,4,3,3
Red Cov #2,3,4,1,3
Red Cov CR#1,,4,,1
Ruddy,3,0,,
Ruddy,,0,1,
Ruddy,3,0,1,1
Ruddy G2,,0,,1
Suwon 122 ,1,0,,
Taiwanese,0,1,0,1
Tanzania,3,3,,
Tawa-1,,1,,
Tawa-1,,1,,
TG-5,3,0,0,rc
TG-6,3,1,1,0
TG-7,4,2,1,0
TI 1849,3,1,3,2
TI1849,4,0,3,0
TIB 11,,,,0
Tib 11,1,2,0,0
Tib 11,3,3,0,1
Tib 4 ,3,3,,
TIS 2544,2,0,0,rc
TIS 3053,3,2,1,1
TIS 3290,4,2,0,0
TIS 3290,3,2,0,0
TIS 70683,3,2,0,1
TIS 70683,2,0,0,0
TIS 70683,3,2,0,0
TIS 70683,2,1,1,0
TIS 8164,4,0,0,2
TIS 8164,2,2,1,
Tomulabula (Naspot 11),4,0,,
Travis,,0,,
VitA (Naspot 9 Orange),3,1,,
VSP-2,0,2,0,rc
W203,,,,
W250,3,1,,
W250,,3,,
W250,,0,,
W311,1,3,0,0
W332 G1,4,3,0,2
W333 G1,4,0,0,0
W361 G2,,1,,0
W375 G1,4,0,0,0
W375 G1 (ch.scar),,1,0,
W376,3,2,0,0
W386,3,3,0,1
W386 G1,3,0,1,0
W386 G1,,0,0,
W386 G2,,2,,0
W390,,0,,1
W390 G1,4,0,0,0
W392,,3,,1
W392 G1,4,3,0,1
W392 G1,,3,2,
W392 G2,,2,,0
Waimanalo,4,0,0,2
Waimanalo,3,2,0,0
Waimanalo,3,0,0,0
WB24,3,2,,
Wh Cov #2,,2,,
White Delite,1,0,0,0
White Evan,,1,,1
Won-mi,2,3,0,1
Won-Mi ,3,0,,
WT125,3,2,2,0
Xushu 18,1,2,,
Yellow Cov,3,3,3,3
Yellow Cov,3,2,1,3
Yellow Cov,2,3,,3