GermplasmName,Pithiness,n Pithiness,GenericGermplasmName
334,2,1,334
344,3,1,344
346??,4,1,346??
367,4,1,367
368??,3.3,1,368??
371,2,1,371
379??,3.2,1,379??
607-16Hybrid,1.1,3,607-16Hybrid
93-11,2.6,2,93-11
93-13,0,1,93-13
93-17,1.6,2,93-17
93-50,1.7,2,93-50
96-61,2.1,9,96-61
97-433,1.3,1,97-433
97A-04,2.3,7,97A-04
Averre,1.4,9,Averre
B94-14,2.4,13,B94-14
Bayoubelle,2,1,Bayoubelle
BayouBelle,1.366666667,63,BayouBelle
BayouBelle G3,2.5,1,BayouBelle G3
Beauregard,2.2,195,Beauregard
bellevue,2.5,1,bellevue
Bellevue,2.6,24,Bellevue
BELLEVUE,2.8,1,BELLEVUE
Benihayato,1.1,2,Benihayato
BM85-42,2.7,2,BM85-42
Bonita,2.4,23,Bonita
BONITA,3,2,BONITA
BonitaSport,2.8,6,BonitaSport
Burgundy,3.1,4,Burgundy
C58,2.3,2,C58
CarolinaNugget,2.1,3,CarolinaNugget
CarolinaRose,2.1,3,CarolinaRose
CarolinaRuby,1.7,7,CarolinaRuby
Centennial,2.45,5,Centennial
CharlestonScarlet,1,1,CharlestonScarlet
CN1489-43,2.5,1,CN1489-43
Covington,2.066666667,212,Covington
Diane,1.6,3,Diane
DM04-0197_D1,2.2,1,DM04-0197
Evangeline,3.1,9,Evangeline
Excel,2.3,1,Excel
FTA94,2.1,6,FTA94
GA172,0.9,2,GA172
Gem,3.2,2,Gem
Hatteras,1.75,32,Hatteras
Hayman,2.2,3,Hayman
HeartOgold,1,4,HeartOgold
Hernandez,3.4,10,Hernandez
HiDry,2.7,5,HiDry
HM145,3,1,HM145
J_7-13,2.2,9,J
J2,2.7,3,J2
Japanese,2.55,16,Japanese
Jewel,2.3,8,Jewel
JEWEL,2.5,1,JEWEL
Julian,2,4,Julian
Kotobuki,2.8,4,Kotobuki
Kyukie97,1.7,6,Kyukie97
Kyushu100,2.1,2,Kyushu100
L13-81,2.1,5,L13-81
L13-84,2,2,L13-84
L14-31,2.7,1,L14-31
L22,3,2,L22
L329,3.2,1,L329
L417,1,1,L417
L445,0.7,1,L445
L96-117,1.2,2,L96-117
Liberty,2.5,5,Liberty
Macana,2.7,2,Macana
mc13-1027 M43,3.3,1,mc13-1027 M43
MC14-0033,3.5,1,MC14-0033
MC14-0048,2,1,MC14-0048
MC14-0073,2.1,5,MC14-0073
MC14-0107,1.1,5,MC14-0107
MC14-0111,0.6,2,MC14-0111
MC14-0126,0.8,1,MC14-0126
MC14-0264,2.5,5,MC14-0264
MC14-0270,1.3,1,MC14-0270
MC14-0276,2.8,1,MC14-0276
MC14-0279,0.7,1,MC14-0279
MC14-0333,2,1,MC14-0333
MC14-0349,3.2,3,MC14-0349
MC14-0363,1.733333333,39,MC14-0363
MC14-0363 M1-1,1.8,2,MC14-0363 M1-1
MC14-0363 M1-1 G1,1.5,1,MC14-0363 M1-1 G1
MC14-0363 M1-3,2.2,1,MC14-0363 M1-3
MC14-0363 M4-10,2,1,MC14-0363 M4-10
MC14-0363 M4-4,1.8,1,MC14-0363 M4-4
MC14-0363 M4-5,2.2,2,MC14-0363 M4-5
mc14-0377,3.7,1,mc14-0377
MC14-0377,3.2,12,MC14-0377
MC14-0380,3,1,MC14-0380
MC14-0403,3.8,1,MC14-0403
MC14-0479,2.8,1,MC14-0479
MC14-0501,2.5,2,MC14-0501
MC14-0527,3,2,MC14-0527
MC14-0561,1.2,1,MC14-0561
MC14-0567,1.7,2,MC14-0567
MC14-0596,2.5,1,MC14-0596
MC14-0620,1,1,MC14-0620
MC14-0637,2.8,2,MC14-0637
MC14-0663,2.8,3,MC14-0663
MC14-0708,2.5,1,MC14-0708
MC14-0709,1.6,2,MC14-0709
MC14-0719,1.2,4,MC14-0719
MC14-0771,1.6,4,MC14-0771
MC14-0777,3,3,MC14-0777
MC14-0783,2.2,2,MC14-0783
MC14-0800,2.2,2,MC14-0800
MC14-0803,1.8,2,MC14-0803
MC14-0842,2.4,4,MC14-0842
mc14-0871,3,1,mc14-0871
MC14-0871,2.9,3,MC14-0871
MC14-0894,1.7,1,MC14-0894
MC14-0910,1.6,3,MC14-0910
MC14-0915,2.7,2,MC14-0915
MC14-0954,1.7,1,MC14-0954
mc14-0958,3,1,mc14-0958
MC14-0958,2.25,11,MC14-0958
MC14-0960,1.3,2,MC14-0960
MC14-0965,1.1,6,MC14-0965
MC14-0982,2,2,MC14-0982
MC14-0994,3.7,1,MC14-0994
MC14-1028,2,1,MC14-1028
MC14-1057,1.7,3,MC14-1057
MC14-1102,1.7,1,MC14-1102
MC15-0014,2.2,1,MC15-0014
MC15-0019,2.4,3,MC15-0019
MC15-0024,2,1,MC15-0024
MC15-0032,1.8,3,MC15-0032
MC15-0033,2.3,1,MC15-0033
MC15-0074,2.3,4,MC15-0074
MC15-0101,2.2,3,MC15-0101
MC15-0166,2.3,1,MC15-0166
MC15-0180,2.7,1,MC15-0180
MC15-0217,2.3,1,MC15-0217
MC15-0218,3.2,1,MC15-0218
MC15-0229,2.5,1,MC15-0229
MC15-0242,1.8,2,MC15-0242
MC15-0273A,1.8,2,MC15-0273A
MC15-0273B,2.3,1,MC15-0273B
MC15-0283,1.2,1,MC15-0283
MC15-0296,2,1,MC15-0296
MC15-0315,1.8,1,MC15-0315
MC15-0329,2.7,1,MC15-0329
MC15-0397,2.7,1,MC15-0397
MC15-0408,1.8,3,MC15-0408
MC15-0409,2.6,2,MC15-0409
MC15-0424,2,1,MC15-0424
MC15-0457A,3,1,MC15-0457A
MC15-0476,1.5,1,MC15-0476
MC15-0489,1,1,MC15-0489
MC15-0502,2.5,1,MC15-0502
MC15-0526,3.7,1,MC15-0526
MC15-0535,2.3,1,MC15-0535
MC15-0538,2.2,1,MC15-0538
MC15-0594,2.7,4,MC15-0594
MC15-0596,3.2,1,MC15-0596
MC15-0624,2.2,1,MC15-0624
MC15-0644,3.2,7,MC15-0644
MC15-0672,2,1,MC15-0672
MC15-0673,2.05,10,MC15-0673
MC15-0678,2.2,1,MC15-0678
mc16-0010,3,1,mc16-0010
MC16-0010,2.2,1,MC16-0010
MC16-0026,3,1,MC16-0026
mc16-0036,3.6,2,mc16-0036
MC16-0036,2.7,2,MC16-0036
MC16-0039,2.3,2,MC16-0039
MC16-0047,2,1,MC16-0047
mc16-0062,2,1,mc16-0062
MC16-0062,2.3,6,MC16-0062
mc16-0065,4,1,mc16-0065
MC16-0065,2.85,4,MC16-0065
MC16-0068,3.5,1,MC16-0068
MC16-0089,2.5,1,MC16-0089
MC16-0100,2.2,1,MC16-0100
MC16-0110,1.7,2,MC16-0110
MC16-0115,1.2,1,MC16-0115
MC16-0120,0.2,1,MC16-0120
MC16-0138,3.2,1,MC16-0138
MC16-0148,1,1,MC16-0148
mc16-0196,2,1,mc16-0196
mc16-0200,3,1,mc16-0200
MC16-0200,2.2,4,MC16-0200
MC16-0206,2.2,2,MC16-0206
mc16-0223,2.8,1,mc16-0223
MC16-0223,2,2,MC16-0223
MC16-0250,2.3,1,MC16-0250
mc16-0260,2.5,1,mc16-0260
MC16-0260,2.35,5,MC16-0260
MC16-0284,3.5,1,MC16-0284
MC16-0294,2.4,2,MC16-0294
mc16-0298,3.7,1,mc16-0298
MC16-0298,2.65,3,MC16-0298
MC16-0348,2,1,MC16-0348
MC16-0401,1.3,1,MC16-0401
MC16-0417,2,1,MC16-0417
mc16-0420,3.7,1,mc16-0420
MC16-0420,1.85,5,MC16-0420
MC16-0429,1.8,1,MC16-0429
mc16-0433,3.8,1,mc16-0433
MC16-0433,1.5,1,MC16-0433
MC16-0438,2.8,1,MC16-0438
MC16-0444,1.3,2,MC16-0444
MC16-0455,2.3,1,MC16-0455
MC16-0470,2.7,1,MC16-0470
MC16-0471,0.8,1,MC16-0471
MC16-0474,3.1,2,MC16-0474
MC16-0475,1.7,1,MC16-0475
MC16-0478,2.7,1,MC16-0478
MC16-0479,2.2,1,MC16-0479
MC16-0480,2.5,1,MC16-0480
MC16-0483,3.2,1,MC16-0483
MC16-0485,2.3,1,MC16-0485
MC16-0493,3,1,MC16-0493
MC16-0517,3.8,1,MC16-0517
MC16-0531,3.5,1,MC16-0531
MC16-0534,3.6,2,MC16-0534
MC16-0541,3.3,2,MC16-0541
MC16-0545,2.7,1,MC16-0545
MC16-0549,2.5,1,MC16-0549
mc16-0557,3.7,1,mc16-0557
MC16-0557,3.3,1,MC16-0557
MC16-0560,2.2,1,MC16-0560
MC16-0570,2.2,1,MC16-0570
MC16-0626,3,1,MC16-0626
MC16-0631,2,1,MC16-0631
MC16-0643,2.5,1,MC16-0643
mc16-0644,3.7,1,mc16-0644
MC16-0686,3,1,MC16-0686
MC16-0687,3.2,1,MC16-0687
MC16-0714,3.3,3,MC16-0714
MC16-0737,4,1,MC16-0737
MC16-0738,3.2,2,MC16-0738
MC16-0745,1.3,3,MC16-0745
MC16-0782,1.8,1,MC16-0782
mc16-0789,3.5,1,mc16-0789
MC16-0789,2.4,2,MC16-0789
MC16-0792,2.7,1,MC16-0792
MC16-0793,2.4,3,MC16-0793
MC16-0805,2.5,1,MC16-0805
MC16-0815,2.5,1,MC16-0815
mc16-0821,2.3,1,mc16-0821
MC16-0821,2.4,4,MC16-0821
MC16-0854,2.8,1,MC16-0854
MC16-0859,2.2,1,MC16-0859
mc16-0860,2.3,1,mc16-0860
MC16-0860,2.7,2,MC16-0860
mc16-0877,1.7,1,mc16-0877
MC16-0877,2.5,3,MC16-0877
MC16-0878,3.8,1,MC16-0878
MC16-0883,2.4,3,MC16-0883
MC16-0926,3.2,1,MC16-0926
MC16-474,2.8,1,MC16-474
MC166-0036,2.3,1,MC166-0036
mc17-0015,3.3,1,mc17-0015
MC17-0015,2.1,5,MC17-0015
MC17-0021,2.2,1,MC17-0021
mc17-0047,1.8,2,mc17-0047
mc17-0084,2.7,1,mc17-0084
MC17-0084,2.5,1,MC17-0084
mc17-0089,3.7,1,mc17-0089
MC17-0089,2,1,MC17-0089
MC17-0125,1.7,2,MC17-0125
MC17-0128,3.9,2,MC17-0128
mc17-0133,3.2,2,mc17-0133
mc17-0142,2.3,1,mc17-0142
MC17-0142,1.8,1,MC17-0142
mc17-0144,2.5,1,mc17-0144
mc17-0164,3,1,mc17-0164
MC17-0164,2.25,2,MC17-0164
mc17-0182,4,1,mc17-0182
mc17-0221,3.7,1,mc17-0221
MC17-0221,3.15,2,MC17-0221
MC17-0263,1.2,1,MC17-0263
mc17-0416,3.5,1,mc17-0416
MC17-0416,2.2,1,MC17-0416
mc17-0474,3.5,1,mc17-0474
mc17-0502,3,1,mc17-0502
MC17-0502,3,1,MC17-0502
mc17-0549,2.7,1,mc17-0549
mc17-0563,2.3,1,mc17-0563
MC17-0563,3.2,1,MC17-0563
mc17-0590,3,1,mc17-0590
MC17-0627,2,1,MC17-0627
mc17-0670,3.2,1,mc17-0670
MC17-0670,3.7,1,MC17-0670
mc17-0670B,3.8,1,mc17-0670B
MC17-0671,1.3,1,MC17-0671
MC17-0744,2,1,MC17-0744
MC17-0772,1.1,4,MC17-0772
mc17-0806,2.5,1,mc17-0806
mc17-0849,3.2,1,mc17-0849
MC17-0849,1.4,2,MC17-0849
MC17-0891,2.2,1,MC17-0891
MC17-0938,0.2,1,MC17-0938
mc17-0974,3.5,1,mc17-0974
mc17-1030,1,1,mc17-1030
MC17-1030,1.35,2,MC17-1030
MC17-1078,2.8,1,MC17-1078
MC18-0751,2.7,1,MC18-0751
MD810,0.9,4,MD810
Minamiyutaka,2.5,1,Minamiyutaka
Mojave,2.6,2,Mojave
Mugande,2,1,Mugande
Murasaki_29,2,1,Murasaki
Murasaki29,2.525,16,Murasaki29
MURASAKI-29,2.7,1,MURASAKI-29
murasaki29,3.5,1,murasaki29
Murasaki29,2.525,16,Murasaki29
N09-01119,2,1,N09-01119
N09-0165C1,1.7,1,N09-0165C1
Naeshirazu,2.5,2,Naeshirazu
NC02-0350,2,4,NC02-0350
NC02-0423,2.8,3,NC02-0423
NC03-0007,2.2,2,NC03-0007
NC03-0035,3.1,2,NC03-0035
NC03-0089,2,1,NC03-0089
NC03-0302,3.3,3,NC03-0302
NC03-0417,1.7,2,NC03-0417
NC04-0032,1.2,10,NC04-0032
NC04-0090,2,2,NC04-0090
NC04-0412,2.2,2,NC04-0412
nc04-0531,2.5,1,nc04-0531
NC04-0531,3.466666667,23,NC04-0531
NC04-0531 G1,2.8,1,NC04-0531 G1
nc05-0050,3.1,2,nc05-0050
NC05-0050,2.7,17,NC05-0050
NC05-0198,1.4,60,NC05-0198
NC05-0257,1.9,4,NC05-0257
NC05-0536,2,1,NC05-0536
NC05-0553,2.3,1,NC05-0553
nc05-0633,3,1,nc05-0633
NC06-0185,1.7,3,NC06-0185
NC06-0189,1.9,3,NC06-0189
NC06-0312,2.1,7,NC06-0312
NC06-0345,2.9,6,NC06-0345
NC06-0546,3.2,1,NC06-0546
NC07-0033,2.7,1,NC07-0033
NC07-0044,2.3,8,NC07-0044
NC07-0076,0.9,2,NC07-0076
NC07-0090,2.6,3,NC07-0090
NC07-0094A,1.8,1,NC07-0094A
NC07-0106,2.8,2,NC07-0106
NC07-0124,1.6,3,NC07-0124
NC07-0151,1.5,12,NC07-0151
NC07-0322,1.4,6,NC07-0322
NC07-0331,2.5,2,NC07-0331
NC07-0338,2.6,2,NC07-0338
NC07-0344,2.5,1,NC07-0344
NC07-0349,2,1,NC07-0349
NC07-0364,2.9,9,NC07-0364
NC07-0412,3.7,1,NC07-0412
NC07-0454,2,1,NC07-0454
NC07-0519,0.7,1,NC07-0519
NC07-0745,2.7,5,NC07-0745
NC07-0776,2,1,NC07-0776
NC07-0810,2.8,2,NC07-0810
nc07-0847,3.3,1,nc07-0847
NC07-0847,2.7,32,NC07-0847
NC07-0850,2.2,1,NC07-0850
NC07-0920,2.3,1,NC07-0920
NC08-0034,2.5,4,NC08-0034
NC08-0036,2.85,29,NC08-0036
nc08-0036C1,4,1,nc08-0036C1
NC08-0040,3.5,1,NC08-0040
NC08-0042,2,1,NC08-0042
NC08-0124,1,1,NC08-0124
NC08-0185,2.5,1,NC08-0185
NC08-0275,2.3,3,NC08-0275
NC08-0278,1.7,3,NC08-0278
NC08-0328,2.7,5,NC08-0328
NC08-0427,3,6,NC08-0427
NC08-0435,3.4,6,NC08-0435
NC08-0437,3.4,5,NC08-0437
NC08-0460,1.9,9,NC08-0460
NC08-0500,1.7,9,NC08-0500
NC08-0544,2.4,5,NC08-0544
NC08-0553,2.8,6,NC08-0553
NC08-0574,2,1,NC08-0574
NC08-0576,2.3,6,NC08-0576
NC08-0652,2.7,1,NC08-0652
NC08-0754,1.9,4,NC08-0754
NC08-0814,2.2,2,NC08-0814
NC08-0822,2,10,NC08-0822
NC08-0838,1.8,1,NC08-0838
NC09-0003,1.6,4,NC09-0003
NC09-0022,2.7,1,NC09-0022
NC09-0119,1.7,1,NC09-0119
NC09-0122,2.86,60,NC09-0122
NC09-0122 B3,2.7,1,NC09-0122 B3
NC09-0122_B3,2.86,60,NC09-0122
NC09-0122_C1,2.86,60,NC09-0122
nc09-0122B3,4,1,nc09-0122B3
NC09-0122B3,2.85,4,NC09-0122B3
NC09-0122C1,2.9,6,NC09-0122C1
NC09-0122G3,3,1,NC09-0122G3
NC09-0136,3.1,19,NC09-0136
NC09-0164,1.7,11,NC09-0164
NC09-0165,1.9,30,NC09-0165
NC09-0165_C1,1.9,30,NC09-0165
NC09-0165C1,2,2,NC09-0165C1
NC09-0165CLRSKIN,2.8,1,NC09-0165CLRSKIN
NC09-0165Yellowsport,2.8,2,NC09-0165Yellowsport
NC09-0178,2.3,2,NC09-0178
NC09-0188,3.1,6,NC09-0188
NC09-0190,3.8,1,NC09-0190
NC09-0204,3,1,NC09-0204
NC09-0208,3,1,NC09-0208
NC09-0222,2.7,4,NC09-0222
NC09-0240,2.7,1,NC09-0240
NC09-0279,2.6,3,NC09-0279
NC09-0344,2.1,2,NC09-0344
NC09-0350,3,11,NC09-0350
NC09-0362,2.3,1,NC09-0362
NC09-0385,1.7,3,NC09-0385
NC09-0411,3.2,21,NC09-0411
NC09-0413,1,1,NC09-0413
NC09-0549,0,1,NC09-0549
NC09-0594,3,4,NC09-0594
NC09-0609,1.8,13,NC09-0609
NC09-0609A2,2.2,1,NC09-0609A2
NC09-0609B1,1.2,1,NC09-0609B1
NC09-0609B2,3.5,1,NC09-0609B2
NC09-0614,1.7,1,NC09-0614
NC09-0628,2,7,NC09-0628
NC09-0654,3.1,3,NC09-0654
NC09-0707,2.9,11,NC09-0707
NC09-0717,1.5,7,NC09-0717
NC09-0772,2.2,2,NC09-0772
NC09-0773,2.7,1,NC09-0773
NC09-0790,3.3,1,NC09-0790
NC09-0794,2.4,1,NC09-0794
NC09-0798,1.7,4,NC09-0798
NC09-0852,3.3,1,NC09-0852
NC09-0854,3.8,2,NC09-0854
NC09-0911,3.3,2,NC09-0911
NC09-0912,3.1,6,NC09-0912
NC09-0930,3.7,1,NC09-0930
NC09-0983,3.2,1,NC09-0983
NC09-1004,2.4,1,NC09-1004
NC09-1014,3.2,2,NC09-1014
NC09-1050,2,4,NC09-1050
NC09-1060,2.3,1,NC09-1060
NC09-1105,1.15,21,NC09-1105
NC09-1105_M19,1.15,21,NC09-1105
NC09-1105_M9,1.15,21,NC09-1105
nc09-1105M18,1.2,1,nc09-1105M18
nc09-1105M3,2.5,1,nc09-1105M3
nc09-1105M9,1.8,1,nc09-1105M9
NC09-1119,2.1125,15,NC09-1119
NC09-1119 _26M,0.7,1,NC09-1119
NC09-1119_13M,2.1125,15,NC09-1119
NC09-1119_21M,2.1125,15,NC09-1119
NC09-1119_M13,2.1125,15,NC09-1119
NC09-1119_M21,2.1125,15,NC09-1119
NC09-1119M26,0.7,1,NC09-1119M26
nc09-1119M36,2,1,nc09-1119M36
NC09-1126,3,1,NC09-1126
NC09-1132,3,7,NC09-1132
NC09-1182,1.5,6,NC09-1182
NC09-1222,2.7,2,NC09-1222
NC09-1251,3.8,1,NC09-1251
NC09-1302,1.3,1,NC09-1302
NC09-1328,0.3,1,NC09-1328
NC09-1401,4,1,NC09-1401
NC10-0016,1.4,4,NC10-0016
NC10-0025,4,1,NC10-0025
NC10-0061,1.1,8,NC10-0061
NC10-0071,2,3,NC10-0071
NC10-0092,2,3,NC10-0092
NC10-0094,2.5,1,NC10-0094
NC10-0097,0.5,2,NC10-0097
NC10-0104,2,2,NC10-0104
NC10-0110,1.2,1,NC10-0110
NC10-0115,1.6,4,NC10-0115
NC10-0118,1.875,20,NC10-0118
NC10-0118 M23,1.5,1,NC10-0118 M23
NC10-0118_M25,1.875,20,NC10-0118
NC10-0118_M34,1.875,20,NC10-0118
nc10-0118M28,2.3,1,nc10-0118M28
NC10-0121,1.6,7,NC10-0121
NC10-0140,1.7,4,NC10-0140
NC10-0178,2,1,NC10-0178
NC10-0214,3.3,1,NC10-0214
NC10-0231,2.1,3,NC10-0231
NC10-0234,2,1,NC10-0234
NC10-0263,2.5,13,NC10-0263
NC10-0271,1.6,4,NC10-0271
NC10-0272,1.3,4,NC10-0272
NC10-0275,1.9,8,NC10-0275
NC10-0280,1.5,4,NC10-0280
NC10-0319,1.9,7,NC10-0319
NC10-0344,2.1,6,NC10-0344
NC10-0352,2.2,2,NC10-0352
NC10-0357,2.8,4,NC10-0357
NC10-0359,1.8,4,NC10-0359
NC10-0367,2.7,3,NC10-0367
NC10-0375,2.2,2,NC10-0375
NC10-0382,2.2,11,NC10-0382
NC10-0398,2.7,1,NC10-0398
NC10-0402,2,1,NC10-0402
NC10-0414,2,1,NC10-0414
NC10-0421,1.8,2,NC10-0421
NC10-0433,3.05,20,NC10-0433
NC10-0498,2.4,4,NC10-0498
NC10-0503,2,13,NC10-0503
NC10-0585,2.3,1,NC10-0585
NC10-0647,2.2,7,NC10-0647
NC10-0648,2.5,5,NC10-0648
NC10-0693,2,2,NC10-0693
NC10-0701,1.7,1,NC10-0701
NC10-0711,1.2,3,NC10-0711
NC10-0712,2,1,NC10-0712
NC10-0714,1,1,NC10-0714
NC10-0719,1.3,1,NC10-0719
NC10-0721,2.7,5,NC10-0721
NC11-0001,2.2,2,NC11-0001
NC11-0002,1.2,2,NC11-0002
NC11-0010,1.2,1,NC11-0010
NC11-0014,1.5,2,NC11-0014
NC11-0018,3.5,2,NC11-0018
NC11-0021,2,2,NC11-0021
NC11-0028,2,1,NC11-0028
NC11-0031,1.9,2,NC11-0031
NC11-0036,2,1,NC11-0036
NC11-0040,2.2,1,NC11-0040
NC11-0041,2.1,2,NC11-0041
NC11-0057,2,2,NC11-0057
NC11-0062,2.7,2,NC11-0062
NC11-0064,2.3,2,NC11-0064
NC11-0065,1.8,1,NC11-0065
NC11-0068,0.8,1,NC11-0068
NC11-0070,1.5,1,NC11-0070
NC11-0073,2.2,2,NC11-0073
NC11-0074,3,4,NC11-0074
NC11-0075,1.3,1,NC11-0075
NC11-0076,0.7,1,NC11-0076
NC11-0084,1.5,1,NC11-0084
NC11-0085,2.3,1,NC11-0085
NC11-0088,2.3,1,NC11-0088
NC11-0097,2.2,5,NC11-0097
NC11-0109,1.8,3,NC11-0109
NC11-0119,1.3,1,NC11-0119
NC11-0120,2.6,3,NC11-0120
NC11-0135,2.3,1,NC11-0135
NC11-0139,2.6,3,NC11-0139
NC11-0141,1.8,2,NC11-0141
NC11-0144,1.2,1,NC11-0144
NC11-0146,1,1,NC11-0146
NC11-0167,1.6,3,NC11-0167
NC11-0180,1.8,4,NC11-0180
NC11-0194,2.2,1,NC11-0194
NC11-0195,1,1,NC11-0195
NC11-0202,2.1,2,NC11-0202
NC11-0206,1,1,NC11-0206
NC11-0209,1.4,2,NC11-0209
NC11-0228,1.2,2,NC11-0228
NC11-0231,2,1,NC11-0231
nc11-0234,4,1,nc11-0234
NC11-0234,3.42,18,NC11-0234
nc11-0234 M10,4,1,nc11-0234 M10
NC11-0234 M12,3.3,3,NC11-0234 M12
NC11-0234 M9,3.3,2,NC11-0234 M9
NC11-0234_12M,3.42,18,NC11-0234
NC11-0234_19M,3.42,18,NC11-0234
NC11-0234-10M,3.5,1,NC11-0234-10M
NC11-0234-9M,2.3,1,NC11-0234-9M
nc11-0234M19,2.8,1,nc11-0234M19
NC11-0237,2.2,1,NC11-0237
NC11-0238,2.7,1,NC11-0238
NC11-0239,4,1,NC11-0239
NC11-0241,2.3,1,NC11-0241
NC11-0243,1.1,2,NC11-0243
NC11-0248,1.9,7,NC11-0248
NC11-0255,2.7,1,NC11-0255
NC11-0262,2,5,NC11-0262
NC11-0265,2.7,4,NC11-0265
NC11-0266,2,1,NC11-0266
NC11-0267,2.3,1,NC11-0267
NC11-0268,2,1,NC11-0268
NC11-0274,2,1,NC11-0274
NC11-0275,1.2,4,NC11-0275
NC11-0276,2.5,1,NC11-0276
NC11-0282,1,1,NC11-0282
NC11-0298,1.3,1,NC11-0298
NC11-0310,1.7,1,NC11-0310
NC11-0316,1.2,1,NC11-0316
NC11-0320,1,1,NC11-0320
NC11-0321,2.2,1,NC11-0321
NC11-0335,1.7,1,NC11-0335
NC11-0341,3,1,NC11-0341
NC11-0351,2.3,1,NC11-0351
NC11-0352,1.2,1,NC11-0352
NC11-0354,1,2,NC11-0354
NC11-0362,2,2,NC11-0362
NC11-0365,2.6,1,NC11-0365
NC11-0370,2.5,4,NC11-0370
NC11-0372,2.6,4,NC11-0372
NC11-0373,1.2,1,NC11-0373
NC11-0375,3.5,1,NC11-0375
NC11-0379,1,1,NC11-0379
NC11-0381,1.1,2,NC11-0381
NC11-0392,1.2,1,NC11-0392
NC11-0395,2.9,2,NC11-0395
NC11-0412,2.1,2,NC11-0412
NC11-0432,1,1,NC11-0432
NC11-0441,2,1,NC11-0441
NC11-0447,2.4,1,NC11-0447
NC11-0455,2,1,NC11-0455
NC11-0467,1.5,1,NC11-0467
NC11-0473,1,1,NC11-0473
NC11-0479,2.3,2,NC11-0479
NC11-0480,2,1,NC11-0480
NC11-0493,3.1,7,NC11-0493
NC11-0494,2.7,1,NC11-0494
NC11-0505,2,1,NC11-0505
NC11-0508,0.7,1,NC11-0508
NC11-0509,3.5,1,NC11-0509
NC11-0513,1.3,1,NC11-0513
NC11-0516,1.3,1,NC11-0516
NC11-0517,0.4,1,NC11-0517
NC11-0521,1.3,1,NC11-0521
NC11-0522,0.7,2,NC11-0522
NC11-0525,0.8,1,NC11-0525
NC11-0527,1.7,1,NC11-0527
NC11-0533,1.2,1,NC11-0533
NC11-0543,1.7,1,NC11-0543
NC11-0547,2.9,2,NC11-0547
NC11-0548,1.9,2,NC11-0548
NC11-0555,3.2,1,NC11-0555
NC11-0557,1,1,NC11-0557
NC11-0571,1,1,NC11-0571
NC11-0598,3.7,3,NC11-0598
NC11-0599,2,1,NC11-0599
NC11-0601,3.7,2,NC11-0601
NC11-0602,1.1,3,NC11-0602
NC11-0609,3,2,NC11-0609
NC11-0624,3.1,4,NC11-0624
NC11-0630,3,1,NC11-0630
NC11-0632,3.4,7,NC11-0632
NC11-0641,1,6,NC11-0641
NC11-0643,1,4,NC11-0643
NC11-0655,2,5,NC11-0655
NC11-0657,1.5,1,NC11-0657
NC11-0661,3.2,1,NC11-0661
NC11-0668,1,1,NC11-0668
NC11-0686,2,1,NC11-0686
NC11-0688,2.7,4,NC11-0688
NC11-0692,2,1,NC11-0692
NC11-0714,1.6,3,NC11-0714
NC11-0716,1,1,NC11-0716
NC11-0720,1.3,2,NC11-0720
NC11-0721,2,1,NC11-0721
NC11-0723,1.8,2,NC11-0723
NC11-0725,2,1,NC11-0725
NC11-0730,3.4,7,NC11-0730
NC11-0738,1.1,2,NC11-0738
NC11-0741,1.2,2,NC11-0741
NC11-0747,1.8,1,NC11-0747
NC11-0752,1.5,1,NC11-0752
NC11-0756,2,1,NC11-0756
NC11-0757,1.3,1,NC11-0757
NC11-0761,2.1,3,NC11-0761
NC11-0762,1.7,1,NC11-0762
NC11-0777,0.5,1,NC11-0777
NC11-0779,1.9,3,NC11-0779
NC11-0786,2,2,NC11-0786
NC11-0790,0.8,1,NC11-0790
NC11-0797,2.2,3,NC11-0797
NC11-0805,2.2,7,NC11-0805
NC11-0821,1.5,1,NC11-0821
NC11-0824,2.8,1,NC11-0824
NC11-0825,2.5,5,NC11-0825
NC11-0856,2.9,2,NC11-0856
NC11-0863,2.1,5,NC11-0863
NC11-0870,0.5,1,NC11-0870
NC11-0878,1.5,1,NC11-0878
NC11-0897,1.5,1,NC11-0897
NC11-0899,3.7,1,NC11-0899
NC11-0901,2,1,NC11-0901
NC11-0903,2,1,NC11-0903
NC11-0924,2,1,NC11-0924
NC11-0925,2.2,2,NC11-0925
NC11-0956,1.9,2,NC11-0956
NC11-0957,1.7,2,NC11-0957
NC11-0959,1.8,6,NC11-0959
NC11-0960,2,1,NC11-0960
NC11-0964,2,1,NC11-0964
NC11-0965,1.2,1,NC11-0965
NC11-0967,1.8,1,NC11-0967
NC11-0969,3.2,1,NC11-0969
NC11-0970,1.8,6,NC11-0970
NC11-0975,1,1,NC11-0975
NC11-0977,2.7,1,NC11-0977
NC11-0979,3,2,NC11-0979
NC11-0980,2.2,7,NC11-0980
NC11-0982,1.4,5,NC11-0982
NC11-0983,3.1,6,NC11-0983
NC11-0984,1.7,1,NC11-0984
NC11-0987,1.3,1,NC11-0987
NC11-0999,1.6,2,NC11-0999
NC11-1000,1.2,4,NC11-1000
NC11-1002,1,1,NC11-1002
NC11-1003,2,3,NC11-1003
NC11-1004,2,1,NC11-1004
NC11-1005,2,1,NC11-1005
NC11-1011,2,1,NC11-1011
NC11-1042,1.8,2,NC11-1042
NC11-1045,0,1,NC11-1045
NC11-1046,2,1,NC11-1046
NC11-1049,2,1,NC11-1049
NC11-1054,1.8,1,NC11-1054
NC11-1056,2,2,NC11-1056
NC11-1057,1.6,1,NC11-1057
NC11-1071,1.8,2,NC11-1071
NC11-1078,2,3,NC11-1078
NC11-1080,3.8,1,NC11-1080
NC11-1081,1.8,2,NC11-1081
NC11-1082,3.3,1,NC11-1082
NC11-1084,2.9,2,NC11-1084
NC11-1108,2.8,7,NC11-1108
NC11-1125,2.3,1,NC11-1125
NC11-1127,1.6,1,NC11-1127
NC11-1133,1.7,1,NC11-1133
NC11-1152,1,1,NC11-1152
NC11-1169,2,1,NC11-1169
NC11-1180,3.1,2,NC11-1180
NC11-1191,2.3,4,NC11-1191
NC11-1206,1,1,NC11-1206
NC11-1223,1.8,1,NC11-1223
NC11-1224,2.3,1,NC11-1224
NC11-1240,0,1,NC11-1240
NC11-1246,2.7,7,NC11-1246
NC11-1247,2.3,9,NC11-1247
NC11-1250,3.2,2,NC11-1250
NC11-1261,1.9,3,NC11-1261
NC11-1264,1.3,2,NC11-1264
NC11-1265,2,1,NC11-1265
NC11-1268,2,1,NC11-1268
NC11-1274,1,1,NC11-1274
NC12-0003,1.5,1,NC12-0003
NC12-0009,3,1,NC12-0009
NC12-0011,2.3,1,NC12-0011
NC12-0026,2,1,NC12-0026
NC12-0029,1,9,NC12-0029
NC12-0030,1.8,2,NC12-0030
NC12-0035,2,1,NC12-0035
NC12-0036,2,1,NC12-0036
NC12-0037,1.8,2,NC12-0037
NC12-0042,1.3,1,NC12-0042
NC12-0045,1.7,1,NC12-0045
NC12-0049,1,1,NC12-0049
NC12-0051,1.1,3,NC12-0051
NC12-0052,1.8,2,NC12-0052
NC12-0055,2.3,1,NC12-0055
NC12-0060,1,1,NC12-0060
NC12-0067,1.7,1,NC12-0067
NC12-0070,1.4,2,NC12-0070
NC12-0076,2,2,NC12-0076
NC12-0082,2,1,NC12-0082
NC12-0089,2,1,NC12-0089
NC12-0091,2,1,NC12-0091
NC12-0094,2,1,NC12-0094
NC12-0096,0,1,NC12-0096
NC12-0102,2.2,2,NC12-0102
NC12-0103,1.7,1,NC12-0103
NC12-0105,3,1,NC12-0105
NC12-0106,1,1,NC12-0106
NC12-0107,2,1,NC12-0107
NC12-0123,4,1,NC12-0123
NC12-0129,1.9,3,NC12-0129
NC12-0134,1.3,1,NC12-0134
NC12-0137,1.5,2,NC12-0137
NC12-0140,2.7,1,NC12-0140
NC12-0151,2.3,1,NC12-0151
NC12-0165,2.2,2,NC12-0165
NC12-0168,2.7,1,NC12-0168
NC12-0187,2.5,2,NC12-0187
NC12-0188,2.2,2,NC12-0188
NC12-0190,2.2,3,NC12-0190
NC12-0191,4,1,NC12-0191
NC12-0198,2.3,1,NC12-0198
NC12-0202,2,1,NC12-0202
NC12-0203,2.7,1,NC12-0203
NC12-0205,1.5,2,NC12-0205
NC12-0209,3.3,1,NC12-0209
NC12-0212,2.8,2,NC12-0212
NC12-0219,2,3,NC12-0219
NC12-0220,3,1,NC12-0220
NC12-0228,2,2,NC12-0228
NC12-0236,3,1,NC12-0236
NC12-0238,2.3,1,NC12-0238
NC12-0246,2.3,1,NC12-0246
NC12-0247,3,1,NC12-0247
NC12-0249,3,1,NC12-0249
NC12-0255,3.3,1,NC12-0255
NC12-0257,1.7,1,NC12-0257
NC12-0258,1,1,NC12-0258
NC12-0259,2,1,NC12-0259
NC12-0262,3,1,NC12-0262
NC12-0267,3.7,1,NC12-0267
NC12-0268,1,2,NC12-0268
NC12-0271,1.3,1,NC12-0271
NC12-0274,3.3,1,NC12-0274
NC12-0281,1,1,NC12-0281
NC12-0282,2,1,NC12-0282
NC12-0284,1.3,3,NC12-0284
NC12-0289,1.3,1,NC12-0289
NC12-0292,1.7,1,NC12-0292
NC12-0295,0.7,2,NC12-0295
NC12-0309,2.2,2,NC12-0309
NC12-0311,2.3,2,NC12-0311
NC12-0324,0,1,NC12-0324
NC12-0332,1.7,1,NC12-0332
NC12-0344,3.7,2,NC12-0344
NC12-0347,1.5,3,NC12-0347
NC12-0360,2.7,1,NC12-0360
NC12-0370,0.3,1,NC12-0370
NC12-0371,1,2,NC12-0371
NC12-0377,1,1,NC12-0377
NC12-0378,3.3,1,NC12-0378
NC12-0381,1.4,3,NC12-0381
NC12-0385,2,1,NC12-0385
NC12-0415,1.3,1,NC12-0415
NC12-0422,3,1,NC12-0422
NC12-0428,3.3,1,NC12-0428
NC12-0447,1.3,1,NC12-0447
NC12-0449,1.3,1,NC12-0449
NC12-0502,2,1,NC12-0502
NC12-0509,3,1,NC12-0509
NC12-0510,2,1,NC12-0510
NC12-0521,1,1,NC12-0521
NC12-0532,2.7,2,NC12-0532
NC12-0535,1.3,1,NC12-0535
NC12-0539,2.5,12,NC12-0539
NC12-0540,2.3,1,NC12-0540
NC12-0548A,3,1,NC12-0548A
NC12-0576,1.8,2,NC12-0576
NC12-0580,3.8,2,NC12-0580
NC12-0589,2,1,NC12-0589
NC12-0591,1.7,2,NC12-0591
NC12-0594,2.3,1,NC12-0594
NC12-0597,1,1,NC12-0597
NC12-0598,1,1,NC12-0598
NC12-0600,3,1,NC12-0600
NC12-0602,3,1,NC12-0602
NC12-0606,2.7,1,NC12-0606
NC12-0638,3.7,1,NC12-0638
NC12-0641,2.4,7,NC12-0641
NC12-0642,2,1,NC12-0642
NC12-0643,2,1,NC12-0643
NC12-0650,1.3,1,NC12-0650
NC12-0652,2.7,1,NC12-0652
NC12-0657,2,1,NC12-0657
NC12-0665,2.2,3,NC12-0665
NC12-0675,1.9,2,NC12-0675
NC12-0682,2,2,NC12-0682
NC12-0683,2.7,1,NC12-0683
NC12-0684,2.9,2,NC12-0684
NC12-0693,3.5,2,NC12-0693
NC12-0696,2,1,NC12-0696
NC12-0709,3,1,NC12-0709
NC12-0715,1,2,NC12-0715
NC12-0717,1,1,NC12-0717
NC12-0723,1.8,3,NC12-0723
NC12-0726,1.7,1,NC12-0726
NC12-0733,2,1,NC12-0733
NC12-0737,3.3,1,NC12-0737
NC12-0742,0,1,NC12-0742
NC12-0745,3.2,5,NC12-0745
NC12-0749,2.7,1,NC12-0749
NC12-0762,2.5,1,NC12-0762
NC12-0764,2.7,1,NC12-0764
NC12-0765,2,1,NC12-0765
NC12-0788,1,1,NC12-0788
NC12-0793,2.2,5,NC12-0793
NC12-0800,3.5,2,NC12-0800
NC12-0801,2.3,1,NC12-0801
NC12-0802,1,1,NC12-0802
NC12-0803,1,2,NC12-0803
NC12-0809,2.4,3,NC12-0809
NC12-0820,2.8,2,NC12-0820
NC12-0829,3.3,3,NC12-0829
NC12-0830,2.8,2,NC12-0830
NC12-0839,2.3,3,NC12-0839
NC12-0840,2.7,1,NC12-0840
NC12-0863,1.5,2,NC12-0863
NC12-0865,2.7,1,NC12-0865
NC12-0890,2.7,1,NC12-0890
NC12-0904,3,1,NC12-0904
NC12-0910,2.5,7,NC12-0910
NC12-0912,2,1,NC12-0912
NC12-0923,2.3,1,NC12-0923
NC12-0926,1.8,2,NC12-0926
NC12-0933,3.7,1,NC12-0933
NC12-0934,3.1,7,NC12-0934
NC12-0938,0.9,2,NC12-0938
NC12-0940,2.7,1,NC12-0940
NC12-0943,0.3,1,NC12-0943
NC12-0948,2.8,3,NC12-0948
NC12-0949,3,1,NC12-0949
NC12-0950,3,1,NC12-0950
NC12-0951,3.5,1,NC12-0951
NC12-0955,2.3,1,NC12-0955
NC12-0957,3,1,NC12-0957
NC12-0959,2.9,2,NC12-0959
NC12-0967,4,1,NC12-0967
NC12-0971,3.7,1,NC12-0971
NC12-0973,3.3,1,NC12-0973
NC12-0976,2,1,NC12-0976
NC12-0988,2,1,NC12-0988
NC12-0993,2,1,NC12-0993
NC12-0997,3.3,1,NC12-0997
NC12-1004,1.7,1,NC12-1004
NC12-1006,3.3,1,NC12-1006
NC12-1009,2.3,1,NC12-1009
NC12-1025,0,1,NC12-1025
NC12-1048,0.7,1,NC12-1048
NC12-1054,2.2,2,NC12-1054
NC12-1056,2.7,1,NC12-1056
NC12-1057,3.7,1,NC12-1057
NC12-1060,3,1,NC12-1060
NC12-1065,2.3,1,NC12-1065
NC12-1078,2.7,1,NC12-1078
NC12-1097,3.3,1,NC12-1097
NC12-1146,2.3,1,NC12-1146
NC12-1149,3.8,6,NC12-1149
NC12-1160,2.3,1,NC12-1160
NC12-1178,2.1,2,NC12-1178
NC12-1184,3,1,NC12-1184
NC12-1195,2.2,2,NC12-1195
NC12-1216,4,1,NC12-1216
NC13-0005,2.2,4,NC13-0005
NC13-0011,1,1,NC13-0011
NC13-0013,2.35,6,NC13-0013
NC13-0017,1.1,4,NC13-0017
NC13-0067,0.8,1,NC13-0067
NC13-0078,2,1,NC13-0078
NC13-0094,2.7,1,NC13-0094
NC13-0099,1.2,1,NC13-0099
NC13-0100,1.8,3,NC13-0100
NC13-0141,1.2,1,NC13-0141
NC13-0150,1.1,4,NC13-0150
NC13-0151,1.9,6,NC13-0151
NC13-0157,3.3,1,NC13-0157
NC13-0158,1.2,1,NC13-0158
NC13-0160,2.5,1,NC13-0160
NC13-0163,2.7,1,NC13-0163
NC13-0168,3.5,1,NC13-0168
NC13-0184,1.8,1,NC13-0184
NC13-0187,0.2,1,NC13-0187
NC13-0204,1.5,1,NC13-0204
NC13-0222,0.7,1,NC13-0222
NC13-0254,3.4,4,NC13-0254
NC13-0280,1.9,3,NC13-0280
NC13-0332,1.3,1,NC13-0332
NC13-0333,1.5,4,NC13-0333
NC13-0370,3.6,3,NC13-0370
NC13-0383,2.3,9,NC13-0383
NC13-0405,2.5,2,NC13-0405
NC13-0410,1.7,2,NC13-0410
NC13-0481,2.5,1,NC13-0481
NC13-0487,3.5,4,NC13-0487
NC13-0490,1.4,6,NC13-0490
NC13-0496,1.9,3,NC13-0496
NC13-0508,3.7,1,NC13-0508
NC13-0604,2.2,2,NC13-0604
NC13-0613,1.75,5,NC13-0613
NC13-0639,3.7,1,NC13-0639
NC13-0703,3,1,NC13-0703
NC13-0821,1.8,1,NC13-0821
NC13-0825,2.9,3,NC13-0825
NC13-0828,2.2,1,NC13-0828
NC13-0831,2.3,3,NC13-0831
NC13-0835,2,1,NC13-0835
NC13-0846,2.4,1,NC13-0846
NC13-0909,1.3,4,NC13-0909
NC13-0934,0.7,1,NC13-0934
NC13-0977,2.5,1,NC13-0977
NC13-0990,2.3,2,NC13-0990
NC13-0992,1.4,7,NC13-0992
NC13-0994,2.8,1,NC13-0994
NC13-0994A,1.8,7,NC13-0994A
NC13-0994B,1.2,1,NC13-0994B
NC13-1001,1.4,11,NC13-1001
nc13-1004,3.8,1,nc13-1004
NC13-1004,3,15,NC13-1004
NC13-1006,2.2,5,NC13-1006
NC13-1007,0.7,2,NC13-1007
NC13-1010,1.8,5,NC13-1010
NC13-1012,1.7,6,NC13-1012
NC13-1014,2.8,5,NC13-1014
NC13-1019,1.9,2,NC13-1019
NC13-1022,3.3,1,NC13-1022
NC13-1027,2.6,22,NC13-1027
NC13-1027 M35,2.4,2,NC13-1027 M35
NC13-1027 M59,1.3,1,NC13-1027 M59
NC13-1027_M35,2.6,22,NC13-1027
NC13-1027_M48,2.6,22,NC13-1027
NC13-1027_M59,2.6,22,NC13-1027
NC13-1029,2.3,1,NC13-1029
NC13-1042,1.7,6,NC13-1042
NC13-1043,2.2,4,NC13-1043
NC13-1080,1.3,1,NC13-1080
NC13-1087,1.4,7,NC13-1087
NC13-1142,3,1,NC13-1142
NC13-1155,1.8,1,NC13-1155
NC13-1161,2,2,NC13-1161
NC13-1169,2.1,7,NC13-1169
NC13-1259,2.4,4,NC13-1259
NC14-0014,1.9,2,NC14-0014
NC14-0118,1.1,3,NC14-0118
NC14-0129,2,5,NC14-0129
NC14-0134,2.3,1,NC14-0134
NC14-0159,2.5,1,NC14-0159
NC14-0341,0.8,2,NC14-0341
nc14-0353,4,1,nc14-0353
NC14-0353,2.3,7,NC14-0353
NC14-0358,1.9,3,NC14-0358
NC14-0480,2,2,NC14-0480
NC14-0486,3.3,1,NC14-0486
NC14-0569,1.6,3,NC14-0569
NC14-0589,1.1,4,NC14-0589
NC14-0687,3.3,3,NC14-0687
NC15-0001,2.3,3,NC15-0001
nc15-0007,3,1,nc15-0007
NC15-0011,1.2,1,NC15-0011
NC15-0020,2.2,1,NC15-0020
NC15-0036,2,1,NC15-0036
NC15-0091,2,1,NC15-0091
NC15-0119,2,1,NC15-0119
NC15-0120,2,1,NC15-0120
NC15-0134,2.3,1,NC15-0134
NC15-0152,2.4,4,NC15-0152
NC15-0185,1.6,6,NC15-0185
NC15-0257,2.8,3,NC15-0257
NC15-0328,2.6,3,NC15-0328
NC15-0350,3.2,2,NC15-0350
NC15-0363,1.7,1,NC15-0363
NC15-0418,1.2,2,NC15-0418
NC15-0480,2.85,4,NC15-0480
NC15-0557,2,1,NC15-0557
NC15-0607,1.5,1,NC15-0607
nc15-0633,2.5,1,nc15-0633
NC15-0633,1.7,6,NC15-0633
NC15-0650,1.5,1,NC15-0650
NC15-0659,2.4,3,NC15-0659
NC15-0728B,2.8,5,NC15-0728B
NC1528,2.3,3,NC1528
NC16-0038,3.7,1,NC16-0038
NC16-0055,3,2,NC16-0055
NC16-0056,3.5,1,NC16-0056
NC16-0063,2,1,NC16-0063
NC16-0097,2.8,2,NC16-0097
NC16-0103,2,1,NC16-0103
NC16-0104,2.9,2,NC16-0104
NC16-0113,3.5,1,NC16-0113
NC16-0173,2.5,1,NC16-0173
nc16-0193,4,2,nc16-0193
NC16-0193,3.25,3,NC16-0193
NC16-0204,2.7,1,NC16-0204
NC16-0208,2.3,1,NC16-0208
NC16-0245,2.5,1,NC16-0245
NC16-0279,1.8,2,NC16-0279
NC16-0301,3.3,3,NC16-0301
NC16-0303,1.3,1,NC16-0303
NC16-0304,2.2,1,NC16-0304
NC16-0307,3.5,1,NC16-0307
NC16-0315,2.7,1,NC16-0315
NC16-0320,2.5,1,NC16-0320
NC16-0339,3.3,1,NC16-0339
NC16-0364,1.65,4,NC16-0364
NC16-0379,1.2,1,NC16-0379
NC16-0391,1.8,1,NC16-0391
NC16-0401,1.2,1,NC16-0401
NC16-0413,1.4,3,NC16-0413
NC16-0498,2,1,NC16-0498
NC16-0558,3,1,NC16-0558
NC16-0587,3,1,NC16-0587
NC16-0603,1,1,NC16-0603
NC16-0607,3.3,1,NC16-0607
nc16-0613,3.5,2,nc16-0613
NC16-0613,2.85,5,NC16-0613
NC16-0614,1.7,2,NC16-0614
nc16-0644,2.5,1,nc16-0644
NC16-0644,2.4,2,NC16-0644
NC16-0715,1.5,1,NC16-0715
NC16-0759,2,1,NC16-0759
NC16-0765,3.1,3,NC16-0765
NC16-0778,2.5,1,NC16-0778
NC16-0789,1.5,1,NC16-0789
NC16-0793,3,1,NC16-0793
nc16-0842,3,1,nc16-0842
NC16-0842,1.8,2,NC16-0842
nc16-0855,3.8,1,nc16-0855
NC16-0855,2.9,4,NC16-0855
nc16-0873,1.3,1,nc16-0873
NC16-0873,1,3,NC16-0873
NC16-0892,2.7,2,NC16-0892
NC16-0931,3.2,1,NC16-0931
nc16-0947,3,1,nc16-0947
NC16-0950,2.5,1,NC16-0950
NC16-0956,1.3,1,NC16-0956
NC16-0979,2.5,1,NC16-0979
NC16-1413,1.8,1,NC16-1413
NC16-653,2,1,NC16-653
NC17-0027,1,2,NC17-0027
nc17-0041,3,1,nc17-0041
NC17-0041,3.4,2,NC17-0041
nc17-0045,3,1,nc17-0045
nc17-0049,3,1,nc17-0049
NC17-0049,2.4,3,NC17-0049
nc17-0052,3,1,nc17-0052
NC17-0052,1.95,2,NC17-0052
nc17-0077,2.5,1,nc17-0077
NC17-0077,1.5,2,NC17-0077
NC17-0084,1,1,NC17-0084
NC17-0084 OR 89,2.5,1,NC17-0084 OR 89
nc17-0087,2.8,1,nc17-0087
NC17-0087,2.9,2,NC17-0087
nc17-0101,2.5,1,nc17-0101
NC17-0101,1.9,5,NC17-0101
nc17-0110,3.2,1,nc17-0110
nc17-0115,2.8,1,nc17-0115
nc17-0129,3.3,1,nc17-0129
NC17-0129,3.05,2,NC17-0129
nc17-0145,3,2,nc17-0145
NC17-0145,2.15,2,NC17-0145
NC17-0172,3,1,NC17-0172
NC17-0257,2.1,2,NC17-0257
NC17-0294,2.9,2,NC17-0294
nc17-0308,3.5,2,nc17-0308
NC17-0315,2,1,NC17-0315
nc17-0331,3.7,1,nc17-0331
NC17-0331,3.35,2,NC17-0331
NC17-0358,1.8,2,NC17-0358
nc17-0379,3,1,nc17-0379
nc17-0398,1,1,nc17-0398
NC17-0398,0,1,NC17-0398
nc17-0402,4,1,nc17-0402
NC17-0402,3,3,NC17-0402
nc17-0408,2.5,2,nc17-0408
nc17-0439,3.2,1,nc17-0439
NC17-0439,2.8,2,NC17-0439
nc17-0442,2.8,1,nc17-0442
NC17-0442,2.4,1,NC17-0442
NC17-0452,2.9,2,NC17-0452
nc17-0474,1,1,nc17-0474
NC17-0474,1.7,2,NC17-0474
nc17-0478,2.5,1,nc17-0478
NC17-0478,2.4,1,NC17-0478
nc17-0485,2.8,1,nc17-0485
NC17-0485,2,1,NC17-0485
nc17-0500,2.2,1,nc17-0500
NC17-0500,1.5,1,NC17-0500
nc17-0564,1.5,1,nc17-0564
NC17-0564,1.5,1,NC17-0564
NC17-0590,2.35,3,NC17-0590
NC17-0592,2,1,NC17-0592
nc17-0615,2.5,2,nc17-0615
NC17-0637,3.45,3,NC17-0637
NC17-0735,2.6,2,NC17-0735
nc17-0759,2,1,nc17-0759
NC17-0759,3.3,1,NC17-0759
nc17-0767,2.5,1,nc17-0767
NC17-0784,1.7,1,NC17-0784
NC1880,1.8,4,NC1880
NC317,2.1,3,NC317
nc413,3,1,nc413
NC413,2.3,28,NC413
NC417_8M,4,1,NC417
NC98-0419,1,1,NC98-0419
NC99-0026,2.3,2,NC99-0026
NCDM01-0158,2.1,3,NCDM01-0158
NCDM02-0105,2.5,2,NCDM02-0105
NCDM02-0124,2.7,2,NCDM02-0124
NCDM02-0180,3.2,5,NCDM02-0180
NCDM04-0001,2.7,11,NCDM04-0001
NCDM04-0051,3.2,3,NCDM04-0051
NCDM04-0146,2.1,3,NCDM04-0146
NCDM04-0197,2,8,NCDM04-0197
NCDM04-0226,3,2,NCDM04-0226
NCDM04-0261,3.3,3,NCDM04-0261
NCDM05-0001,3.7,1,NCDM05-0001
NCDM05-0022,2.3,1,NCDM05-0022
NCDM05-0122,2.3,1,NCDM05-0122
NCDM05-0132,3.2,6,NCDM05-0132
NCDM05-0153,2.3,2,NCDM05-0153
NCDM07-0034,2.8,3,NCDM07-0034
NCDM07-0047,3.2,1,NCDM07-0047
NCDM10-0004,2,1,NCDM10-0004
NCDM10-0006,3,1,NCDM10-0006
NCDM10-0013,3,1,NCDM10-0013
NCP-0224,3.2,1,NCP-0224
NCP04-0118,2.5,1,NCP04-0118
NCP05-0028,2,1,NCP05-0028
NCP06-0010,1.8,1,NCP06-0010
NCP06-0014,2.6,3,NCP06-0014
NCP06-0016,1.8,3,NCP06-0016
NCP06-0016YellowSport,3.5,1,NCP06-0016YellowSport
NCP06-0020,2.95,32,NCP06-0020
NCP06-0020 10M C1,2.6,2,NCP06-0020 10M C1
NCP06-0020_A1A,2.95,32,NCP06-0020
NCP06-0020A_24m,2.3,1,NCP06-0020A
NCP06-0020A#2,3,1,NCP06-0020A#2
NCP06-0020A1A,2.2,2,NCP06-0020A1A
NCP06-0020A2_4,3.7,1,NCP06-0020A2
NCP06-0020White,2,1,NCP06-0020White
NCP06-0028,2,1,NCP06-0028
NCP06-0048,1.8,4,NCP06-0048
NCP06-0058,2,1,NCP06-0058
NCP06-0061,2.4,1,NCP06-0061
NCP06-020,2.8,2,NCP06-020
NCP06-020A1A,3.7,1,NCP06-020A1A
NCP06-020White,2,1,NCP06-020White
NCP08-0004,2,1,NCP08-0004
NCP09-0001,3,1,NCP09-0001
NCP09-0005,1.8,1,NCP09-0005
NCP09-0013,2,1,NCP09-0013
NCP09-0022,1.6,3,NCP09-0022
NCP09-0026,1.5,1,NCP09-0026
NCP09-0027,2.8,8,NCP09-0027
NCP09-0030,2,1,NCP09-0030
NCP09-0045,2,2,NCP09-0045
NCP09-0059,2.2,1,NCP09-0059
NCP09-0060,2.8,11,NCP09-0060
NCP09-0069,3.2,4,NCP09-0069
NCP09-0076,2.8,2,NCP09-0076
NCP09-0088,1.8,2,NCP09-0088
NCP09-0089,2,5,NCP09-0089
NCP09-0099,4,2,NCP09-0099
NCP09-0104,2,1,NCP09-0104
NCP09-0107,3.1,18,NCP09-0107
NCP09-0109,2.9,2,NCP09-0109
NCP09-0111,2.8,3,NCP09-0111
NCP09-0113,3,1,NCP09-0113
NCP09-0118,2.6,3,NCP09-0118
NCP09-0122,2.7,3,NCP09-0122
NCP09-0125,2.2,1,NCP09-0125
NCP09-0127,2,1,NCP09-0127
NCP09-0130,2.2,2,NCP09-0130
NCP09-0176,2.8,1,NCP09-0176
NCP12-0018,2.5,1,NCP12-0018
NCP12-0042,2,1,NCP12-0042
NCP12-0048,2.5,1,NCP12-0048
NCP12-0050,2.5,1,NCP12-0050
NCP12-0051,2.4,1,NCP12-0051
NCP12-0055,2.9,3,NCP12-0055
NCP12-0061,2,1,NCP12-0061
NCP12-0062,2.3,2,NCP12-0062
NCP12-0063,2.5,1,NCP12-0063
NCP12-0067,2.3,2,NCP12-0067
NCP12-0068,2.7,2,NCP12-0068
NCP12-0094,3,1,NCP12-0094
NCP12-0097,3.7,1,NCP12-0097
NCP12-0112,2.3,1,NCP12-0112
NCP12-0114,3.8,1,NCP12-0114
NCP12-0115,3.3,1,NCP12-0115
NCP12-0140,2.3,3,NCP12-0140
NCP12-0141,2.3,1,NCP12-0141
NCP12-0146,2.7,1,NCP12-0146
NCP12-0147,2.1,4,NCP12-0147
NCP12-0148,2.5,1,NCP12-0148
NCP12-0150,2.8,5,NCP12-0150
NCP12-0169,2.3,1,NCP12-0169
NCP12-0170,2.3,1,NCP12-0170
NCP12-0177,2,15,NCP12-0177
NCP12-0178,1.7,1,NCP12-0178
NCP12-0183,1.1,4,NCP12-0183
NCP12-0192,2,1,NCP12-0192
NCP12-0197,1.7,1,NCP12-0197
NCP12-0199,2.2,2,NCP12-0199
NCP12-0201,3,1,NCP12-0201
NCP12-0202,3,1,NCP12-0202
NCP12-0203,2.5,2,NCP12-0203
NCP12-0204,2.7,1,NCP12-0204
NCP12-0205,2.4,5,NCP12-0205
NCP12-0208,2.3,1,NCP12-0208
NCP12-0210,2.2,1,NCP12-0210
NCP12-0213,3,1,NCP12-0213
NCP12-0218,2.3,1,NCP12-0218
NCP12-0229,2.7,1,NCP12-0229
NCP12-0230,2,1,NCP12-0230
NCP12-0233,2.5,8,NCP12-0233
NCP12-0234,3,1,NCP12-0234
NCP12-0237,2.8,1,NCP12-0237
NCP12-0249,2.8,3,NCP12-0249
NCP12-0254,2.2,3,NCP12-0254
NCP12-0259,3,1,NCP12-0259
NCP12-0266,2.7,1,NCP12-0266
NCP12-0268,2.6,3,NCP12-0268
NCP12-0278,2.7,1,NCP12-0278
NCP12-0282,2.3,1,NCP12-0282
NCP12-0284,2.5,5,NCP12-0284
NCP12-0286,3.7,1,NCP12-0286
NCP12-0287,3,2,NCP12-0287
NCP13-0005,2.58,21,NCP13-0005
NCP13-0005 M14-4,2.7,1,NCP13-0005 M14-4
NCP13-0010,3,1,NCP13-0010
NCP13-0012,2.4,2,NCP13-0012
NCP13-0019,3,1,NCP13-0019
NCP13-0030,2.675,22,NCP13-0030
NCP13-0030 M10-4,2.6,2,NCP13-0030 M10-4
NCP13-0030 M12-3,2.5,2,NCP13-0030 M12-3
NCP13-0030 M9-2,3,1,NCP13-0030 M9-2
NCP13-0032,3,1,NCP13-0032
NCP13-0057,2.5,3,NCP13-0057
NCP13-0073,1.6,2,NCP13-0073
NCP13-0080,2.7,2,NCP13-0080
NCp13-0096,2.7,5,NCp13-0096
NCP13-0129,2.4,4,NCP13-0129
NCP13-0130,2.5,1,NCP13-0130
NCP13-0138,2.3,1,NCP13-0138
NCP13-0144,2,1,NCP13-0144
NCP13-0147,2.4,3,NCP13-0147
NCP13-0168,1.3,4,NCP13-0168
NCP13-0171,2.8,2,NCP13-0171
NCP13-0177,3.2,3,NCP13-0177
NCP13-0183,0.7,1,NCP13-0183
NCP13-0186,2.9,4,NCP13-0186
NCP13-0192,2.5,2,NCP13-0192
NCP13-0196,2.8,8,NCP13-0196
NCP13-0209,2.2,1,NCP13-0209
NCP13-0226,2.5,1,NCP13-0226
NCP13-0255,1.2,1,NCP13-0255
NCP13-0267,2,2,NCP13-0267
NCP13-0270,2,1,NCP13-0270
NCP13-0271,2.5,1,NCP13-0271
NCP13-0285,1.9,10,NCP13-0285
NCP13-0285 M6-4,2.5,1,NCP13-0285 M6-4
NCp13-0285 M7-4,2.5,1,NCp13-0285 M7-4
NCP13-0285 M8-4,2.3,1,NCP13-0285 M8-4
NCP13-0285_M6-4,1.9,10,NCP13-0285
NCP13-0299,2.5,1,NCP13-0299
NCP13-0308,2.2,1,NCP13-0308
NCP13-0313,2.5,1,NCP13-0313
NCP13-0315,2.225,8,NCP13-0315
NCP13-0315 M2-5,1.5,1,NCP13-0315 M2-5
NCP13-0320,1.8,2,NCP13-0320
NCP13-0321,2.2,2,NCP13-0321
NCP13-0322,2.2,2,NCP13-0322
NCP13-0326,3,7,NCP13-0326
NCP13-0329,3.3,5,NCP13-0329
NCP13-0333,2.7,1,NCP13-0333
NCP13-0408,2.8,4,NCP13-0408
NCP13-0433,2.2,1,NCP13-0433
NCP13-0439,3,1,NCP13-0439
NCP13-0464,2.2,2,NCP13-0464
NCP13-0500,2.2,1,NCP13-0500
NCP13-0502,2.3,1,NCP13-0502
NCP14-0014,2.5,1,NCP14-0014
NCP14-0021,1.3,1,NCP14-0021
NCP14-0062,1.2,1,NCP14-0062
NCP14-0094,2,1,NCP14-0094
NCP14-0099,2.8,1,NCP14-0099
NCP14-0156,3.6,3,NCP14-0156
NCP14-0224,2.9,3,NCP14-0224
NCP15-0006,2.2,1,NCP15-0006
NCP15-0007,2.65,6,NCP15-0007
NCP15-0017,3,1,NCP15-0017
NCP15-0021,2.7,1,NCP15-0021
NCP15-0022,2.7,3,NCP15-0022
NCP15-0025,3.2,2,NCP15-0025
NCP15-0041,3.7,1,NCP15-0041
NCP15-0050,3.2,2,NCP15-0050
ncp15-0099,3.5,1,ncp15-0099
NCP15-0099,2.7,4,NCP15-0099
NCP15-0130,2.7,1,NCP15-0130
NCP16-0001,2.8,1,NCP16-0001
ncp16-0004,2.7,1,ncp16-0004
NCP16-0004,2.1,2,NCP16-0004
NCP16-0005,2.2,2,NCP16-0005
NCP16-0030,2.7,1,NCP16-0030
ncp16-0046,3.2,2,ncp16-0046
NCP16-0046,2.25,4,NCP16-0046
ncP16-0064,2.7,1,ncP16-0064
NCP16-0064,1.7,2,NCP16-0064
NCP16-0080,3.3,1,NCP16-0080
ncp16-0081,2.2,1,ncp16-0081
NCP16-0081,2,1,NCP16-0081
NCP16-0092,2,1,NCP16-0092
ncp16-0095,3.3,1,ncp16-0095
NCP16-0095,2,1,NCP16-0095
NCP16-0096,2.2,1,NCP16-0096
NCP16-0142,3,2,NCP16-0142
ncp16-0142SK1,1.2,1,ncp16-0142SK1
NCP16-0142sk1,0.3,1,NCP16-0142sk1
NCP17-0006,2.2,1,NCP17-0006
NONAME,2.3,1,NONAME
Norton,2.45,10,Norton
OHenry,2.8,16,OHenry
OK-P-10,3,1,OK-P-10
Okinawa,1.3,1,Okinawa
OrangeHatteras,2.5,1,OrangeHatteras
Orleans,2.35,14,Orleans
Patriot,0.3,1,Patriot
PI267946,3,1,PI267946
PortoRico,1.9,10,PortoRico
PortoRico_Texas,1.9,10,PortoRico
RedCovington_1,1.9,4,RedCovington
RedCovington_2,1.9,4,RedCovington
RedResisto,2.8,1,RedResisto
Ruddy,1.5,11,Ruddy
Suwon122,2,5,Suwon122
Tib11,2.4,5,Tib11
Tib4,2.8,1,Tib4
W209,3.7,1,W209
W233,2.3,1,W233
W311,3,1,W311
W361,2.6,3,W361
W386,1.2,4,W386
W390,2.3,3,W390
W392,3.1,4,W392
White Evangeline,2.3,1,White Evangeline
WhiteCovington_CR,2.7,1,WhiteCovington
WhiteEvangeline,2.75,2,WhiteEvangeline
Woksaken,2.7,1,Woksaken
YellowCovington,2.4,6,YellowCovington
,,0,
Averre_G2,1.4,9,Averre
B94-14_G2,2.4,13,B94-14
B94-14_G2_GH,2.4,13,B94-14
BayouBelle_G2,1.366666667,63,BayouBelle
BayouBelle_JS,1.366666667,63,BayouBelle
Beauregard_G2,2.2,195,Beauregard
Bonita_G2,2.4,23,Bonita
Carolina Bunch,2.3,1,Carolina Bunch
Centennial,2.45,5,Centennial
Cov_G2,1.9,6,Cov
Covington_G2,2.066666667,212,Covington
Covington_G2_GH,2.066666667,212,Covington
DC188,2,2,DC188
DC372,1.4,3,DC372
EvangelineJS,3.5,1,EvangelineJS
Hatteras G2,1.3,1,Hatteras G2
Hatteras_G2,1.75,32,Hatteras
Hernandez_G2,3.4,10,Hernandez
Japanese_G2,2.55,16,Japanese
Jewel_G2,2.3,8,Jewel
L13-81,2.1,5,L13-81
L14-123_G1,1.8,1,L14-123
L14-41p,2.9,2,L14-41p
LB640,3,2,LB640
MC14-0363_M1-1,1.733333333,39,MC14-0363
MC14-0363_M1-1_G2,1.733333333,39,MC14-0363
MC14-0363_M1-3_G2,1.733333333,39,MC14-0363
MC14-0363_M2-10_G2,1.733333333,39,MC14-0363
MC14-0363_M2-9_G2,1.733333333,39,MC14-0363
MC14-0363_M4-10_G2,1.733333333,39,MC14-0363
MC14-0363_M4-4_G2,1.733333333,39,MC14-0363
MC14-0363_M4-7_G2,1.733333333,39,MC14-0363
MC14-0377,3.2,12,MC14-0377
MC14-0871,2.9,3,MC14-0871
MC14-0923,2.8,1,MC14-0923
MC14-0958,2.25,11,MC14-0958
MC14-363_G2,1.75,2,MC14-363
MC14-363_M2-10_G2,1.75,2,MC14-363
MC15-0673,2.05,10,MC15-0673
MC16-0062,2.3,6,MC16-0062
MC16-0065,2.85,4,MC16-0065
MC16-0223,2,2,MC16-0223
MC16-0260,2.35,5,MC16-0260
MC16-0298,2.65,3,MC16-0298
MC16-0420,1.85,5,MC16-0420
MC16-200,2.4,1,MC16-200
MC17-0015,2.1,5,MC17-0015
MC17-0133,1.8,1,MC17-0133
MC17-0164,2.25,2,MC17-0164
MC17-0221,3.15,2,MC17-0221
MC17-0772,1.1,4,MC17-0772
MC17-0849,1.4,2,MC17-0849
MC17-0974,2.2,2,MC17-0974
MC17-1030,1.35,2,MC17-1030
MC17-1110,0.1,2,MC17-1110
MC17-1183,2.2,2,MC17-1183
MC18-0011,2.5,1,MC18-0011
MC18-0012,0.8,1,MC18-0012
MC18-0015,1.5,1,MC18-0015
MC18-0057,2.8,1,MC18-0057
MC18-0080,2,1,MC18-0080
MC18-0108,1.3,1,MC18-0108
MC18-0121,1.3,1,MC18-0121
MC18-0145,1.3,1,MC18-0145
MC18-0162,2,2,MC18-0162
MC18-0163,1.7,1,MC18-0163
MC18-0168,2.2,2,MC18-0168
MC18-0206,0.8,2,MC18-0206
MC18-0222,2.5,1,MC18-0222
MC18-0237,2.2,1,MC18-0237
MC18-0238,1.5,1,MC18-0238
MC18-0247,3.3,1,MC18-0247
MC18-0283,0.8,1,MC18-0283
MC18-0298,1.7,1,MC18-0298
MC18-0321,3,1,MC18-0321
MC18-0326,2.3,1,MC18-0326
MC18-0360,3,1,MC18-0360
MC18-0378,2.6,2,MC18-0378
MC18-0393,2.9,2,MC18-0393
MC18-0446,2.4,1,MC18-0446
MC18-0454,2.7,1,MC18-0454
MC18-0457,3.6,1,MC18-0457
MC18-0467,1.8,1,MC18-0467
MC18-0481,2.2,1,MC18-0481
MC18-0485,3.3,1,MC18-0485
MC18-0508,2.2,3,MC18-0508
MC18-0509,2.7,1,MC18-0509
MC18-0512,2,1,MC18-0512
MC18-0551,2.8,2,MC18-0551
MC18-0559,3.5,2,MC18-0559
MC18-0591,3,2,MC18-0591
MC18-0596,3,1,MC18-0596
MC18-0671,2.6,2,MC18-0671
MC18-0683,1.6,2,MC18-0683
MC18-0765,2.6,3,MC18-0765
MC18-0770,2.3,1,MC18-0770
MC18-0790,2.5,1,MC18-0790
MC18-0792,2.7,1,MC18-0792
MC18-0804,1.6,2,MC18-0804
MC18-0825,2.5,2,MC18-0825
MC18-0826,2.8,1,MC18-0826
MC18-0830,2.8,1,MC18-0830
MC18-0853,2.5,2,MC18-0853
MC18-0860,3.1,3,MC18-0860
MC18-0862,2.7,1,MC18-0862
MC18-0869,2.3,1,MC18-0869
MC18-0880,2.8,2,MC18-0880
MC18-0882,2.8,2,MC18-0882
MC18-0896,2.8,1,MC18-0896
MC18-0919,1.5,1,MC18-0919
MC18-0926,1,1,MC18-0926
MC18-0931,2.4,4,MC18-0931
MC18-0997,2.8,2,MC18-0997
MC18-0999,3,2,MC18-0999
MC18-1004,1.9,2,MC18-1004
MC18-1007,2.5,1,MC18-1007
MC18-1034,2.3,1,MC18-1034
MC18-1040,3.2,1,MC18-1040
MC18-1085,3.2,1,MC18-1085
MC18-1126,2.5,3,MC18-1126
MC18-1132,0.5,2,MC18-1132
MC18-1147 orange sport,1,1,MC18-1147 orange sport
MC18-1147_OrangeSport,1.2,2,MC18-1147
Murasaki29,2.525,16,Murasaki29
Murasaki29_G2,2.525,16,Murasaki29
NC04-0531,3.466666667,23,NC04-0531
NC04-0531_G2,3.466666667,23,NC04-0531
NC05-0918_G2,1.3,1,NC05-0918
NC07-0847,2.7,32,NC07-0847
NC08-0036_C1_G2,2.85,29,NC08-0036
NC09-0122_B3_G2,2.86,60,NC09-0122
NC09-0122_G2,2.86,60,NC09-0122
NC09-0122B3_G2,2.85,4,NC09-0122B3
NC09-1105_M18_G2,1.15,21,NC09-1105
NC09-1119_M13_G2,2.1125,15,NC09-1119
NC09-1119_M21_G2,2.1125,15,NC09-1119
NC09-1119_M26_G2,2.1125,15,NC09-1119
NC10-0118_M34_G2,1.875,20,NC10-0118
NC10-0433,3.05,20,NC10-0433
NC11-0234_M10_G2,3.42,18,NC11-0234
NC11-0234_M9_G2,3.42,18,NC11-0234
NC13-0013,2.35,6,NC13-0013
NC13-0613,1.75,5,NC13-0613
NC14-0353,2.3,7,NC14-0353
NC15-0480,2.85,4,NC15-0480
NC15-0633,1.7,6,NC15-0633
NC15-0728,2.6,3,NC15-0728
NC15-0728B,2.8,5,NC15-0728B
NC16-0193,3.25,3,NC16-0193
NC16-0364,1.65,4,NC16-0364
NC16-0613,2.85,5,NC16-0613
NC16-0644,2.4,2,NC16-0644
NC16-0855,2.9,4,NC16-0855
NC17-0045,1.8,2,NC17-0045
NC17-0049,2.4,3,NC17-0049
NC17-0052,1.95,2,NC17-0052
NC17-0101,1.9,5,NC17-0101
NC17-0129,3.05,2,NC17-0129
NC17-0145,2.15,2,NC17-0145
NC17-0257,2.1,2,NC17-0257
NC17-0308,2.4,2,NC17-0308
NC17-0331,3.35,2,NC17-0331
NC17-0402,3,3,NC17-0402
NC17-0452,2.9,2,NC17-0452
NC17-0474,1.7,2,NC17-0474
NC17-0590,2.35,3,NC17-0590
NC17-0637,3.45,3,NC17-0637
NC17-0661,2.9,3,NC17-0661
NC17-0799,1.5,1,NC17-0799
NC18-0001,3.2,2,NC18-0001
NC18-0006,2.6,1,NC18-0006
NC18-0014,0.7,1,NC18-0014
NC18-0034,1.9,2,NC18-0034
NC18-0036,2.2,1,NC18-0036
NC18-0056,3,1,NC18-0056
NC18-0070,2.5,1,NC18-0070
NC18-0075A,2.3,1,NC18-0075A
NC18-0075B,2.5,1,NC18-0075B
NC18-0109,2.8,1,NC18-0109
NC18-0111,2.7,1,NC18-0111
NC18-0134,3.5,1,NC18-0134
NC18-0156,2.5,1,NC18-0156
NC18-0169,3.2,2,NC18-0169
NC18-0230,0.2,1,NC18-0230
NC18-0279B,0.3,1,NC18-0279B
NC18-0294,0.8,2,NC18-0294
NC18-0296,2.3,1,NC18-0296
NC18-0329,0,1,NC18-0329
NC18-0341,3.9,2,NC18-0341
NC18-0355,2.8,1,NC18-0355
NC18-0401,3.2,1,NC18-0401
NC18-0402,3.2,2,NC18-0402
NC18-0407,3.5,1,NC18-0407
NC18-0410,2.8,1,NC18-0410
NC18-0423,1.5,1,NC18-0423
NC18-0423?,2,1,NC18-0423?
NC18-0430,2.5,1,NC18-0430
NC18-0441,2.5,1,NC18-0441
NC18-0458,2,1,NC18-0458
NC18-0512B,2.7,1,NC18-0512B
NC18-0518,2.5,1,NC18-0518
NC18-0525,1.5,1,NC18-0525
NC18-0536,2.3,1,NC18-0536
NC18-0545,1,1,NC18-0545
NC18-0587,1.7,1,NC18-0587
NC18-0592,3,1,NC18-0592
NC18-0600,3.3,1,NC18-0600
NC18-0609,2,1,NC18-0609
NC18-0643,2.2,1,NC18-0643
NC18-0658,2.2,1,NC18-0658
NC18-0662,1.5,1,NC18-0662
NC18-0684,2.5,1,NC18-0684
NC18-0701,2.3,1,NC18-0701
NC18-0726,2.7,1,NC18-0726
NC18-0753,2,1,NC18-0753
NC18-0800,3,1,NC18-0800
NC18-0834,2.7,1,NC18-0834
NC18-0850,1.2,1,NC18-0850
NC18-0863,2.5,1,NC18-0863
NC18-0871,0.9,2,NC18-0871
NCP06-0020_AM24_G2,2.95,32,NCP06-0020
NCP06-0020_M10C1_G2,2.95,32,NCP06-0020
NCP13-0005,2.58,21,NCP13-0005
NCP13-0005_M13-4_G2,2.58,21,NCP13-0005
NCP13-0005_M14-4_G2,2.58,21,NCP13-0005
NCP13-0005_M8_G2,2.58,21,NCP13-0005
NCP13-0030,2.675,22,NCP13-0030
NCP13-0030_M10-4_G2,2.675,22,NCP13-0030
NCP13-0030_M9-2_G2,2.675,22,NCP13-0030
NCP13-0285_M8-4_G2,1.9,10,NCP13-0285
NCP13-0315,2.225,8,NCP13-0315
NCP13-0315_M1-1_G2,2.225,8,NCP13-0315
NCP13-0315_M2-5_G2,2.225,8,NCP13-0315
NCP15-0007,2.65,6,NCP15-0007
NCP16-0046,2.25,4,NCP16-0046
NCP18-0009,2.4,2,NCP18-0009
NCP18-0043,2.5,1,NCP18-0043
NCP18-0047,2.2,1,NCP18-0047
NCP18-0060,2.5,1,NCP18-0060
NCP18-0070,2,1,NCP18-0070
NCP18-0071,3,1,NCP18-0071
NCP18-0072,1.7,1,NCP18-0072
NCP18-0076,2.8,1,NCP18-0076
NCP18-0092,2.8,2,NCP18-0092
NCP18-0093,2.5,1,NCP18-0093
Norton_G2,2.45,10,Norton
OHenry_G2,2.8,16,OHenry
Orleans_G2,2.35,14,Orleans
PortoRico_G1,1.9,10,PortoRico
Radiance,0,1,Radiance
Ruddy_G2,1.5,11,Ruddy
WhiteBonita_G2,2,1,WhiteBonita
WhiteEvangeline,2.75,2,WhiteEvangeline
,,0,
,,0,
,,0,
,,0,
,,0,
,,0,
,,0,
,,0,
,,0,
,,0,
,,0,
,,0,
,,0,
,,0,
,,0,
,,0,
,,0,
,,0,
,,0,
,,0,
,,0,
,,0,
,,0,
,,0,
,,0,
,,0,
,,0,
,,0,
,,0,
,,0,
,,0,
,,0,
,,0,
,,0,
,,0,
,,0,
,,0,
,,0,
,,0,
,,0,
,,0,
,,0,
,,0,
,,0,
,,0,
,,0,
,,0,
,,0,
,,0,
,,0,
,,0,
,,0,
,,0,
,,0,
,,0,
,,0,
,,0,
,,0,
,,0,
,,0,
,,0,
,,0,
,,0,
,,0,
,,0,
,,0,
,,0,
,,0,
,,0,
,,0,
,,0,
,,0,
,,0,
,,0,
,,0,
,,0,
,,0,
,,0,
,,0,
,,0,
,,0,
,,0,
,,0,
,,0,
,,0,
,,0,
,,0,
,,0,
,,0,
,,0,
,,0,
,,0,
,,0,
,,0,
,,0,
,,0,
,,0,
,,0,
,,0,
,,0,
,,0,
,,0,
,,0,
,,0,
,,0,
,,0,
,,0,
,,0,
,,0,
,,0,
,,0,
,,0,
,,0,
,,0,
,,0,
,,0,
,,0,
,,0,
,,0,
,,0,
,,0,
,,0,
,,0,
,,0,
,,0,
,,0,
,,0,
,,0,
,,0,
,,0,
,,0,
,,0,
,,0,
,,0,
,,0,
,,0,
,,0,
,,0,
,,0,
,,0,
,,0,
,,0,
,,0,
,,0,
,,0,
,,0,
,,0,
,,0,
,,0,
,,0,
,,0,
,,0,
,,0,
,,0,
,,0,
,,0,
,,0,
,,0,
,,0,
,,0,
,,0,
,,0,
,,0,
,,0,
,,0,
,,0,
,,0,
,,0,
,,0,
,,0,
,,0,
,,0,
,,0,
,,0,
,,0,
,,0,
,,0,
,,0,
,,0,
,,0,
,,0,
,,0,
,,0,
,,0,
,,0,
,,0,
,,0,
,,0,
,,0,
,,0,
,,0,
,,0,
,,0,
,,0,
,,0,
,,0,
,,0,
,,0,
,,0,
,,0,
,,0,
,,0,
,,0,
,,0,
,,0,
,,0,
,,0,
,,0,
,,0,
,,0,
,,0,
,,0,
,,0,
,,0,
,,0,
,,0,
,,0,
,,0,
,,0,
,,0,
,,0,
,,0,
,,0,
,,0,
,,0,
,,0,
,,0,
,,0,
,,0,
,,0,
,,0,
,,0,
,,0,
,,0,
,,0,
,,0,
,,0,
,,0,
,,0,
,,0,
,,0,
,,0,
,,0,
,,0,
,,0,
,,0,
,,0,
,,0,
,,0,
,,0,
,,0,
,,0,
,,0,
,,0,
,,0,
,,0,
,,0,
,,0,
,,0,
,,0,
,,0,
,,0,
,,0,
,,0,
,,0,
,,0,
,,0,
,,0,
,,0,
,,0,
,,0,
,,0,
,,0,
,,0,
,,0,
,,0,
,,0,
,,0,
,,0,
,,0,
,,0,
,,0,
,,0,
,,0,
,,0,
,,0,
,,0,
,,0,
,,0,
,,0,
,,0,
,,0,
,,0,
,,0,
,,0,
,,0,
,,0,
,,0,
,,0,
,,0,
,,0,
,,0,
,,0,
,,0,
,,0,
,,0,
,,0,
,,0,
,,0,
,,0,
,,0,
,,0,
,,0,
,,0,
,,0,
,,0,
,,0,
,,0,
,,0,
,,0,
,,0,
,,0,
,,0,
,,0,
,,0,
,,0,
,,0,
,,0,
,,0,
,,0,
,,0,
,,0,
,,0,
,,0,
,,0,
,,0,
,,0,
,,0,
,,0,
,,0,
,,0,
,,0,
,,0,
,,0,
,,0,
,,0,
,,0,
,,0,
,,0,
,,0,
,,0,
,,0,
,,0,
,,0,
,,0,
,,0,
,,0,
,,0,
,,0,
,,0,
,,0,
,,0,
,,0,
,,0,
,,0,
,,0,
,,0,
,,0,
,,0,
,,0,
,,0,
,,0,
,,0,
,,0,
,,0,
,,0,
,,0,
,,0,
,,0,
,,0,
,,0,
,,0,
,,0,
,,0,
,,0,
,,0,
,,0,
,,0,
,,0,
,,0,
,,0,
,,0,
,,0,
,,0,
,,0,
,,0,
,,0,
,,0,
,,0,
,,0,
,,0,
,,0,
,,0,
,,0,
,,0,
,,0,
,,0,
,,0,
,,0,
,,0,
,,0,
,,0,
,,0,
,,0,
,,0,
,,0,
,,0,
,,0,
,,0,
,,0,
,,0,
,,0,
,,0,
,,0,
,,0,
,,0,
,,0,
,,0,
,,0,
,,0,
,,0,
,,0,
,,0,
,,0,
,,0,
,,0,
,,0,
,,0,
,,0,
,,0,
,,0,
,,0,
,,0,
,,0,
,,0,
,,0,
,,0,
,,0,
,,0,
,,0,
,,0,
,,0,
,,0,
,,0,
,,0,
,,0,
,,0,
,,0,
,,0,
,,0,
,,0,
,,0,
,,0,
,,0,
,,0,
,,0,
,,0,
,,0,
,,0,
,,0,
,,0,
,,0,
,,0,
,,0,
,,0,
,,0,
,,0,
,,0,
,,0,
,,0,
,,0,
,,0,
,,0,
,,0,
,,0,
,,0,
,,0,
,,0,
,,0,
,,0,
,,0,
,,0,
,,0,
,,0,
,,0,
,,0,
,,0,
,,0,
,,0,
,,0,
,,0,
,,0,
,,0,
,,0,
,,0,
,,0,
,,0,
,,0,
,,0,
,,0,
,,0,
,,0,
,,0,
,,0,
,,0,
,,0,
,,0,
,,0,
,,0,
,,0,
,,0,
,,0,
,,0,
,,0,
,,0,
,,0,
,,0,
,,0,
,,0,
,,0,
,,0,
,,0,
,,0,
,,0,
,,0,
,,0,
,,0,
,,0,
,,0,
,,0,
,,0,
,,0,
,,0,
,,0,
,,0,
,,0,
,,0,
,,0,
,,0,
,,0,
,,0,
,,0,
,,0,
,,0,
,,0,
,,0,
,,0,
,,0,
,,0,
,,0,
,,0,
,,0,
,,0,
,,0,
,,0,
,,0,
,,0,
,,0,
,,0,
,,0,
,,0,
,,0,
,,0,
,,0,
,,0,
,,0,
,,0,
,,0,
,,0,
,,0,
,,0,
,,0,
,,0,
,,0,
,,0,
,,0,
,,0,
,,0,
,,0,
,,0,
,,0,
,,0,
,,0,
,,0,
,,0,
,,0,
,,0,
,,0,
,,0,
,,0,
,,0,
,,0,
,,0,
,,0,
,,0,
,,0,
,,0,
,,0,
,,0,
,,0,
,,0,
,,0,
,,0,
,,0,
,,0,
,,0,
,,0,
,,0,
,,0,
,,0,
,,0,
,,0,
,,0,
,,0,
,,0,
,,0,
,,0,
,,0,
,,0,
,,0,
,,0,
,,0,
,,0,
,,0,
,,0,
,,0,
,,0,
,,0,
,,0,
,,0,
,,0,
,,0,
,,0,
,,0,
,,0,
,,0,
,,0,
,,0,
,,0,
,,0,
,,0,
,,0,
,,0,
,,0,
,,0,
,,0,
,,0,
,,0,
,,0,
,,0,
,,0,
,,0,
,,0,
,,0,
,,0,
,,0,
,,0,
,,0,
,,0,
,,0,
,,0,
,,0,
,,0,
,,0,
,,0,
,,0,
,,0,
,,0,
,,0,
,,0,
,,0,
,,0,
,,0,
,,0,
,,0,
,,0,
,,0,
,,0,
,,0,
,,0,
,,0,
,,0,